Date, Close/Last, Volume, Open, High, Low
6/25/2020,$51.93 ,51129610,$52.56 ,$52.70 ,$50.54 
6/24/2020,$52.39 ,53535550,$53.94 ,$54.74 ,$51.92 
6/23/2020,$53.99 ,48089010,$55.05 ,$55.37 ,$53.87 
6/22/2020,$54.76 ,44704780,$54.67 ,$55.17 ,$53.74 
6/19/2020,$54.23 ,52801460,$54.41 ,$55.46 ,$53.82 
6/18/2020,$54.04 ,40354720,$54.62 ,$55.12 ,$53.65 
6/17/2020,$54.55 ,45146550,$54.79 ,$55.82 ,$54.30 
6/16/2020,$54.46 ,50949750,$55.72 ,$56.07 ,$53.59 
6/15/2020,$54.68 ,56740680,$52.58 ,$54.73 ,$52.41 
6/12/2020,$53.50 ,71189070,$55.01 ,$55.60 ,$52.11 
6/11/2020,$52.83 ,78715400,$55.94 ,$56.68 ,$52.80 
6/10/2020,$57.44 ,78719420,$57.20 ,$59 ,$57.03 
6/9/2020,$56.39 ,79919140,$52.95 ,$56.46 ,$52.72 
6/8/2020,$52.97 ,39681750,$53.30 ,$53.35 ,$52.26 
6/5/2020,$53.10 ,53908270,$52.99 ,$53.57 ,$52.08 
6/4/2020,$52.63 ,44869090,$52.59 ,$53.74 ,$52.20 
6/3/2020,$52.73 ,46765330,$53.60 ,$53.65 ,$52.33 
6/2/2020,$53.54 ,42855210,$53.45 ,$53.57 ,$52.01 
6/1/2020,$53.63 ,36949860,$53.31 ,$54.11 ,$52.89 
5/29/2020,$53.80 ,64948310,$52.07 ,$53.80 ,$51.85 
5/28/2020,$51.74 ,53754230,$52.25 ,$53.54 ,$51.25 
5/27/2020,$52.74 ,102414500,$53.27 ,$53.28 ,$49.09 
5/26/2020,$53.19 ,51618870,$56.01 ,$56.08 ,$53.02 
5/22/2020,$55.17 ,43524110,$54.77 ,$55.37 ,$53.78 
5/21/2020,$54.65 ,48496110,$56.68 ,$56.72 ,$54.61 
5/20/2020,$56.39 ,50888190,$56.55 ,$56.98 ,$55.63 
5/19/2020,$55.47 ,60388540,$54.39 ,$56.73 ,$54.36 
5/18/2020,$54.59 ,48679060,$54.98 ,$55.25 ,$54.24 
5/15/2020,$54.20 ,66950860,$53.32 ,$54.44 ,$52.86 
5/14/2020,$54.51 ,73814000,$52.10 ,$54.54 ,$51.61 
5/13/2020,$52.18 ,76824710,$54.04 ,$55.22 ,$51.30 
5/12/2020,$53.76 ,55631100,$56.21 ,$56.58 ,$53.75 
5/11/2020,$55.74 ,68746370,$52.90 ,$55.89 ,$52.75 
5/8/2020,$53.19 ,40774190,$52.15 ,$53.27 ,$51.81 
5/7/2020,$51.95 ,48956640,$52.93 ,$52.97 ,$51.62 
5/6/2020,$52.16 ,48138120,$52.42 ,$53.31 ,$51.88 
5/5/2020,$52.19 ,56560530,$53.43 ,$53.51 ,$51.29 
5/4/2020,$52.56 ,62590580,$49.82 ,$52.61 ,$49.73 
5/1/2020,$49.88 ,69562660,$51.07 ,$51.95 ,$49.09 
4/30/2020,$52.39 ,65543940,$53.43 ,$54.29 ,$52.03 
4/29/2020,$53.66 ,110800900,$54.53 ,$54.86 ,$52.74 
4/28/2020,$55.51 ,80501820,$57.16 ,$57.35 ,$55.30 
4/27/2020,$56.49 ,62568060,$57.44 ,$58 ,$56.25 
4/24/2020,$56.18 ,72854750,$55.10 ,$56.78 ,$54.42 
4/23/2020,$55.90 ,69662690,$56.65 ,$57.29 ,$55.64 
4/22/2020,$55.92 ,63164080,$54.91 ,$56.15 ,$54.34 
4/21/2020,$52.92 ,123906400,$56.90 ,$57.73 ,$51.41 
4/20/2020,$56.97 ,72366360,$55.98 ,$58.63 ,$55.85 
4/17/2020,$56.60 ,76908780,$57.35 ,$57.76 ,$55.55 
4/16/2020,$56.95 ,103106500,$55.96 ,$58.08 ,$55.63 
4/15/2020,$54.99 ,83814030,$53.73 ,$55.57 ,$53.41 
4/14/2020,$54.93 ,85306750,$52.24 ,$55.14 ,$52.11 
4/13/2020,$50.94 ,64290110,$48.47 ,$51.07 ,$48.23 
4/9/2020,$48.38 ,80357390,$49.65 ,$50.25 ,$47.72 
4/8/2020,$48.79 ,64930780,$48.07 ,$49 ,$47.61 
4/7/2020,$47.56 ,102098700,$48.96 ,$49.65 ,$46.68 
4/6/2020,$47.52 ,82293960,$44.30 ,$47.58 ,$44.06 
4/3/2020,$42.59 ,79334970,$44.30 ,$44.84 ,$41.70 
4/2/2020,$44.49 ,79024130,$43.40 ,$45.28 ,$43.10 
4/1/2020,$43.66 ,92083080,$44.18 ,$46.85 ,$43.16 
3/31/2020,$45.48 ,83483750,$47.93 ,$48.53 ,$45.16 
3/30/2020,$47.86 ,68486600,$47.24 ,$48.46 ,$46.66 
3/27/2020,$46.58 ,74599220,$46.32 ,$47.98 ,$45.90 
3/26/2020,$47.50 ,73915610,$45.78 ,$47.50 ,$45.40 
3/25/2020,$44.63 ,93760390,$46.79 ,$47.88 ,$44.43 
3/24/2020,$46.22 ,106794200,$44.04 ,$46.81 ,$43.99 
3/23/2020,$41.64 ,101704700,$40.62 ,$42.32 ,$38.95 
3/20/2020,$39.61 ,106859500,$41.51 ,$42.48 ,$39.58 
3/19/2020,$39.82 ,88939020,$39.56 ,$41.70 ,$37.69 
3/18/2020,$39.12 ,106949300,$39.54 ,$41.95 ,$36.75 
3/17/2020,$41.88 ,92741880,$40.19 ,$42.88 ,$38.30 
3/16/2020,$38.71 ,84545870,$39.08 ,$43.37 ,$38.51 
3/13/2020,$43.90 ,86689680,$42.20 ,$43.91 ,$39.60 
3/12/2020,$39.01 ,107461500,$42 ,$42.50 ,$39 
3/11/2020,$45.70 ,102319000,$44.19 ,$45.97 ,$43.80 
3/10/2020,$45.38 ,76228250,$45.41 ,$45.44 ,$43.10 
3/9/2020,$43.27 ,80859770,$43.03 ,$46.34 ,$42.51 
3/6/2020,$48.59 ,124590900,$49.44 ,$49.54 ,$46.74 
3/5/2020,$48.11 ,98302750,$48.68 ,$49.72 ,$47.51 
3/4/2020,$50.11 ,93311780,$48.25 ,$50.14 ,$47.21 
3/3/2020,$46.75 ,141972300,$49.03 ,$50.20 ,$45.67 
3/2/2020,$47.46 ,102324700,$47.42 ,$47.68 ,$44.66 
2/28/2020,$45.48 ,100667700,$41.36 ,$46.15 ,$41.04 
2/27/2020,$44.01 ,106416200,$45.38 ,$46.24 ,$42.21 
2/26/2020,$47.49 ,86897680,$47.70 ,$49.29 ,$47.07 
2/25/2020,$47.57 ,88699380,$51.14 ,$51.24 ,$47.12 
2/24/2020,$49.12 ,86624120,$48.18 ,$50.28 ,$47.49 
2/21/2020,$53.28 ,88553370,$56.71 ,$56.80 ,$52.89 
2/20/2020,$57.27 ,74203370,$58.44 ,$59.02 ,$56.15 
2/19/2020,$58.90 ,58597290,$57.99 ,$59.27 ,$57.51 
2/18/2020,$56.89 ,70346390,$54.94 ,$58.13 ,$54.84 
2/14/2020,$55.31 ,52365370,$55.19 ,$55.40 ,$54.56 
2/13/2020,$54.53 ,51640040,$53.43 ,$55.03 ,$53.34 
2/12/2020,$53.89 ,45994930,$54.53 ,$54.85 ,$53.53 
2/11/2020,$53.80 ,74719050,$53.22 ,$54.48 ,$52.91 
2/10/2020,$52.26 ,60971720,$49.47 ,$52.30 ,$49.35 
2/7/2020,$49.73 ,53107580,$48.91 ,$50.67 ,$48.64 
2/6/2020,$49.32 ,48670620,$48.80 ,$49.39 ,$47.63 
2/5/2020,$49.84 ,42737100,$50.29 ,$50.42 ,$49.31 
2/4/2020,$49.45 ,46302080,$49.21 ,$49.75 ,$48.61 
2/3/2020,$48.02 ,47076960,$46.40 ,$48.10 ,$46.23 
1/31/2020,$47 ,60322430,$48.40 ,$48.58 ,$46.79 
1/30/2020,$48.78 ,70460160,$46.49 ,$48.81 ,$46.13 
1/29/2020,$47.51 ,112559200,$47.84 ,$48.07 ,$46.10 
1/28/2020,$50.53 ,62343840,$50.03 ,$50.85 ,$49.48 
1/27/2020,$49.26 ,48878580,$48.45 ,$49.79 ,$47.90 
1/24/2020,$50.35 ,80004910,$52.28 ,$52.81 ,$49.47 
1/23/2020,$51.71 ,40135440,$51.34 ,$51.75 ,$50.74 
1/22/2020,$51.43 ,40772220,$51.63 ,$51.88 ,$51.20 
1/21/2020,$51.05 ,49094970,$50.96 ,$51.81 ,$50.70 
1/17/2020,$50.93 ,57722500,$50.20 ,$51.05 ,$49.90 
1/16/2020,$49.77 ,58898930,$49.17 ,$50.31 ,$48.99 
1/15/2020,$48.55 ,40199940,$48.23 ,$49.08 ,$48.12 
1/14/2020,$48.21 ,38694180,$48.64 ,$49.04 ,$47.91 
1/13/2020,$48.75 ,34474730,$48.66 ,$48.86 ,$48.24 
1/10/2020,$48.17 ,44215590,$49.26 ,$49.29 ,$48 
1/9/2020,$48.97 ,76649640,$48.94 ,$49.96 ,$48.39 
1/8/2020,$47.83 ,53868960,$47.85 ,$48.30 ,$47.14 
1/7/2020,$48.25 ,59935560,$49.35 ,$49.39 ,$48.04 
1/6/2020,$48.39 ,48176290,$48.02 ,$48.86 ,$47.86 
1/3/2020,$48.60 ,73362160,$48.03 ,$49.39 ,$47.54 
1/2/2020,$49.10 ,80764600,$46.86 ,$49.25 ,$46.63 
12/31/2019,$45.86 ,31791200,$45.07 ,$46.09 ,$44.92 
12/30/2019,$45.52 ,41235740,$46.14 ,$46.17 ,$44.66 
12/27/2019,$46.18 ,36624230,$46.85 ,$46.88 ,$45.98 
12/26/2019,$46.63 ,57712690,$46.99 ,$47.31 ,$45.66 
12/24/2019,$46.54 ,44432190,$46.10 ,$46.61 ,$45.77 
12/23/2019,$45.46 ,56065290,$44.58 ,$45.63 ,$44.39 
12/20/2019,$44.15 ,68216730,$43.44 ,$44.26 ,$43.26 
12/19/2019,$42.83 ,45950710,$42.63 ,$43.34 ,$42.60 
12/18/2019,$42.30 ,39182980,$42.79 ,$43.06 ,$42.24 
12/17/2019,$42.77 ,44935570,$42.51 ,$43.11 ,$42.15 
12/16/2019,$42.35 ,58890780,$41.73 ,$42.98 ,$41.73 
12/13/2019,$41.15 ,79985410,$42.35 ,$42.95 ,$41.06 
12/12/2019,$42.59 ,87398170,$39.40 ,$42.62 ,$39.25 
12/11/2019,$39.47 ,31794690,$39.44 ,$39.61 ,$39.04 
12/10/2019,$39.44 ,33863030,$39.20 ,$39.73 ,$38.82 
12/9/2019,$38.93 ,28035390,$39.46 ,$39.84 ,$38.91 
12/6/2019,$39.63 ,31150380,$40.10 ,$40.19 ,$39.56 
12/5/2019,$39.62 ,35710940,$39.95 ,$40.22 ,$39.55 
12/4/2019,$39.69 ,44372200,$39.38 ,$39.82 ,$39.13 
12/3/2019,$38.90 ,52991200,$37.34 ,$38.93 ,$37.15 
12/2/2019,$38.73 ,37942680,$39.32 ,$39.41 ,$38.44 
11/29/2019,$39.15 ,17609930,$39.10 ,$39.52 ,$39.02 
11/27/2019,$39.41 ,33733790,$39.46 ,$39.76 ,$39.07 
11/26/2019,$38.99 ,43764150,$39.30 ,$39.48 ,$38.81 
11/25/2019,$39.79 ,45879400,$39.50 ,$40.17 ,$39.50 
11/22/2019,$39.15 ,56931880,$39.36 ,$39.89 ,$38.19 
11/21/2019,$39.52 ,88069360,$40.42 ,$40.71 ,$38.64 
11/20/2019,$40.98 ,79968320,$40.96 ,$41.75 ,$40.07 
11/19/2019,$41.29 ,94600240,$40.14 ,$41.79 ,$39.69 
11/18/2019,$39.88 ,66332770,$38.65 ,$39.99 ,$38.60 
11/15/2019,$38.56 ,63020870,$38.94 ,$39.37 ,$38.34 
11/14/2019,$38.35 ,65936950,$37.51 ,$38.50 ,$37.36 
11/13/2019,$37.52 ,69178090,$36.65 ,$37.96 ,$36.58 
11/12/2019,$36.71 ,58664520,$36.43 ,$37.13 ,$36.40 
11/11/2019,$36.31 ,43572260,$35.96 ,$36.66 ,$35.58 
11/8/2019,$36.29 ,39396230,$36.06 ,$36.58 ,$36 
11/7/2019,$36.28 ,54350180,$36.52 ,$36.99 ,$36.03 
11/6/2019,$35.93 ,51675120,$36.06 ,$36.48 ,$35.52 
11/5/2019,$36.15 ,84848640,$36.56 ,$37.18 ,$35.98 
11/4/2019,$36.29 ,83343780,$35.19 ,$36.45 ,$34.76 
11/1/2019,$34.89 ,64238610,$34.37 ,$35 ,$34.10 
10/31/2019,$33.93 ,67881620,$32.98 ,$34.34 ,$32.82 
10/30/2019,$33.13 ,78228770,$32.93 ,$33.34 ,$32.04 
10/29/2019,$33.03 ,78700080,$33.73 ,$33.90 ,$32.70 
10/28/2019,$33.69 ,51223610,$33.16 ,$33.91 ,$33.15 
10/25/2019,$32.71 ,45368840,$31.90 ,$32.86 ,$31.83 
10/24/2019,$31.72 ,28448980,$31.58 ,$31.86 ,$31.34 
10/23/2019,$31.36 ,26858110,$31.09 ,$31.65 ,$30.83 
10/22/2019,$31.51 ,36860310,$32.06 ,$32.15 ,$31.50 
10/21/2019,$32.03 ,52648070,$31.50 ,$32.26 ,$31.41 
10/18/2019,$30.97 ,39711240,$31.06 ,$31.33 ,$30.29 
10/17/2019,$31.14 ,37010210,$31.30 ,$31.40 ,$30.86 
10/16/2019,$30.81 ,43064260,$30.60 ,$31.41 ,$30.53 
10/15/2019,$30.72 ,42142390,$30.70 ,$30.92 ,$30.17 
10/14/2019,$30.53 ,44818230,$29.71 ,$30.61 ,$29.38 
10/11/2019,$29.75 ,66632450,$28.83 ,$30.20 ,$28.81 
10/10/2019,$28.38 ,41172000,$28.52 ,$28.89 ,$28 
10/9/2019,$28.46 ,36321580,$28.80 ,$28.95 ,$28.35 
10/8/2019,$28.23 ,44432080,$28.55 ,$28.64 ,$27.92 
10/7/2019,$28.93 ,39745270,$28.90 ,$29.63 ,$28.84 
10/4/2019,$29.01 ,34609210,$28.83 ,$29.06 ,$28.57 
10/3/2019,$28.68 ,56905410,$28.28 ,$28.78 ,$27.43 
10/2/2019,$28.31 ,44048750,$28.50 ,$28.85 ,$28.03 
10/1/2019,$28.76 ,37366070,$29.05 ,$29.54 ,$28.64 
9/30/2019,$28.99 ,40332050,$28.89 ,$29.05 ,$28.36 
9/27/2019,$28.72 ,54144670,$29.17 ,$29.77 ,$28.35 
9/26/2019,$29.47 ,41182230,$29.67 ,$29.77 ,$29 
9/25/2019,$29.54 ,58691580,$29.48 ,$29.65 ,$28.55 
9/24/2019,$29.52 ,73220940,$30.54 ,$30.75 ,$29.29 
9/23/2019,$30.64 ,45185840,$30.12 ,$30.80 ,$30.07 
9/20/2019,$30.05 ,83555560,$30.36 ,$30.47 ,$29.65 
9/19/2019,$30.29 ,41930830,$30.57 ,$30.96 ,$30.14 
9/18/2019,$30.42 ,47277310,$30.75 ,$30.89 ,$29.88 
9/17/2019,$30.99 ,35125750,$31.07 ,$31.32 ,$30.74 
9/16/2019,$30.83 ,52248540,$30.37 ,$31.15 ,$30.26 
9/13/2019,$30.69 ,47758750,$30.27 ,$30.85 ,$29.95 
9/12/2019,$30.21 ,53618340,$30.08 ,$30.84 ,$29.95 
9/11/2019,$29.76 ,50631680,$30.38 ,$30.43 ,$29.51 
9/10/2019,$30.23 ,48604770,$30.22 ,$30.38 ,$29.77 
9/9/2019,$30.50 ,54413160,$30.93 ,$31.18 ,$30.24 
9/6/2019,$30.56 ,51672980,$31.50 ,$31.51 ,$30.48 
9/5/2019,$31.50 ,57932080,$31.79 ,$32.05 ,$31.12 
9/4/2019,$30.95 ,46709780,$31.32 ,$31.83 ,$30.85 
9/3/2019,$30.90 ,38080250,$30.83 ,$31.14 ,$30.68 
8/30/2019,$31.45 ,40347320,$31.60 ,$31.87 ,$31.13 
8/29/2019,$31.45 ,44485480,$31.47 ,$31.83 ,$31.33 
8/28/2019,$30.78 ,55896450,$29.92 ,$31.18 ,$29.70 
8/27/2019,$30.20 ,53351710,$30.60 ,$30.89 ,$29.60 
8/26/2019,$30.28 ,50858860,$30.34 ,$30.72 ,$29.94 
8/23/2019,$29.54 ,83931680,$31.30 ,$31.83 ,$29.40 
8/22/2019,$31.90 ,47742170,$31.76 ,$31.92 ,$30.98 
8/21/2019,$31.70 ,41635050,$31.05 ,$31.74 ,$30.84 
8/20/2019,$30.72 ,48016380,$30.94 ,$31.31 ,$30.45 
8/19/2019,$31.48 ,67781610,$32 ,$32.19 ,$31.42 
8/16/2019,$31.18 ,71588980,$30.31 ,$31.48 ,$30.21 
8/15/2019,$29.67 ,72606820,$30.63 ,$30.73 ,$29.21 
8/14/2019,$30.24 ,127521500,$31 ,$31.05 ,$29.51 
8/13/2019,$32.11 ,102579300,$32.36 ,$33.14 ,$31.72 
8/12/2019,$32.43 ,106936000,$34.16 ,$34.65 ,$32.08 
8/9/2019,$34.19 ,132483900,$33.45 ,$35.55 ,$33.08 
8/8/2019,$33.92 ,167278800,$31.53 ,$34.27 ,$31.48 
8/7/2019,$29.19 ,58577540,$28.47 ,$29.28 ,$28.37 
8/6/2019,$28.86 ,60578440,$28.86 ,$29.05 ,$28.20 
8/5/2019,$27.99 ,74333240,$28.26 ,$28.49 ,$27.65 
8/2/2019,$29.44 ,60410850,$29.48 ,$29.73 ,$28.94 
8/1/2019,$29.86 ,80878890,$30.50 ,$31.48 ,$29.10 
7/31/2019,$30.45 ,119190000,$32.08 ,$32.30 ,$30.30 
7/30/2019,$33.87 ,72198880,$33.21 ,$33.94 ,$32.94 
7/29/2019,$33.48 ,45921980,$34.14 ,$34.18 ,$32.98 
7/26/2019,$34.02 ,43502780,$34.23 ,$34.77 ,$33.87 
7/25/2019,$33.67 ,36705620,$34.05 ,$34.25 ,$33.62 
7/24/2019,$34.11 ,41952260,$33.64 ,$34.36 ,$33.45 
7/23/2019,$33.49 ,38532460,$33.17 ,$33.50 ,$32.93 
7/22/2019,$32.85 ,37777310,$32.80 ,$33.31 ,$32.74 
7/19/2019,$32.51 ,44617700,$33.08 ,$33.35 ,$32.45 
7/18/2019,$33 ,58610860,$33.03 ,$33.46 ,$32.42 
7/17/2019,$33.60 ,42557900,$34.01 ,$34.30 ,$33.49 
7/16/2019,$33.85 ,66912700,$34.30 ,$34.86 ,$33.80 
7/15/2019,$34.39 ,65565250,$33.34 ,$34.55 ,$33.27 
7/12/2019,$33.21 ,51509680,$32.76 ,$33.39 ,$32.59 
7/11/2019,$33.06 ,63081800,$33.91 ,$34 ,$32.76 
7/10/2019,$33.79 ,60388440,$33.56 ,$34.03 ,$33.36 
7/9/2019,$33.15 ,61419770,$31.76 ,$33.18 ,$31.71 
7/8/2019,$32.04 ,49689400,$31.80 ,$32.15 ,$31.26 
7/5/2019,$31.50 ,34011870,$30.88 ,$31.56 ,$30.75 
7/3/2019,$31.19 ,23462000,$31.13 ,$31.33 ,$30.74 
7/2/2019,$31.24 ,37721680,$30.96 ,$31.26 ,$30.73 
7/1/2019,$31.20 ,60525530,$31.79 ,$32.04 ,$30.87 
6/28/2019,$30.37 ,50090930,$31.08 ,$31.11 ,$30.33 
6/27/2019,$30.74 ,55623310,$30.41 ,$30.96 ,$30.21 
6/26/2019,$29.92 ,65064200,$29.98 ,$30.48 ,$29.78 
6/25/2019,$28.86 ,53680890,$29.26 ,$29.72 ,$28.80 
6/24/2019,$29.26 ,55724830,$29.32 ,$29.40 ,$28.67 
6/21/2019,$29.10 ,81861320,$29.65 ,$30.35 ,$28.97 
6/20/2019,$30.01 ,72418160,$31.24 ,$31.36 ,$29.84 
6/19/2019,$30.50 ,63233940,$30.67 ,$30.79 ,$30.06 
6/18/2019,$30.45 ,86444540,$29.76 ,$30.97 ,$29.58 
6/17/2019,$29.20 ,70865740,$30.25 ,$30.45 ,$29.18 
6/14/2019,$30.36 ,70373020,$30.70 ,$30.96 ,$30.02 
6/13/2019,$31.39 ,63555990,$32.39 ,$32.50 ,$31.06 
6/12/2019,$32.18 ,56298670,$32 ,$32.57 ,$31.92 
6/11/2019,$32.41 ,82834910,$33.43 ,$33.49 ,$31.82 
6/10/2019,$33.23 ,97668790,$33.53 ,$34.30 ,$33.08 
6/7/2019,$32.41 ,86841100,$31.94 ,$32.60 ,$31.57 
6/6/2019,$31.82 ,131267800,$29.87 ,$31.98 ,$29.84 
6/5/2019,$29.50 ,79481540,$29.93 ,$29.99 ,$29.03 
6/4/2019,$29.57 ,107549500,$28.39 ,$29.59 ,$27.91 
6/3/2019,$27.58 ,147532200,$28.75 ,$29.62 ,$27.29 
5/31/2019,$27.41 ,68667810,$27.57 ,$28.36 ,$27.40 
5/30/2019,$28.03 ,65289090,$28.40 ,$28.56 ,$27.60 
5/29/2019,$28.09 ,99969600,$29 ,$29.32 ,$27.73 
5/28/2019,$29.03 ,146949600,$27.27 ,$29.67 ,$27.06 
5/24/2019,$26.44 ,39835790,$26.61 ,$26.93 ,$26.40 
5/23/2019,$26.36 ,67809150,$26.99 ,$27.10 ,$26.03 
5/22/2019,$27.41 ,40035290,$27.12 ,$27.59 ,$27.07 
5/21/2019,$27.35 ,46079180,$27.18 ,$27.37 ,$26.93 
5/20/2019,$26.68 ,69757400,$26.98 ,$27.24 ,$26.49 
5/17/2019,$27.50 ,65385350,$27.69 ,$28.46 ,$27.40 
5/16/2019,$28.01 ,67330060,$27.37 ,$28.37 ,$27.27 
5/15/2019,$27.58 ,55689870,$26.87 ,$27.79 ,$26.73 
5/14/2019,$27.32 ,82980400,$26.53 ,$27.48 ,$26.15 
5/13/2019,$26.24 ,99017890,$26.98 ,$27.23 ,$26.10 
5/10/2019,$27.96 ,82930140,$27.03 ,$28.10 ,$26.93 
5/9/2019,$27.21 ,73150880,$26.70 ,$27.38 ,$26.03 
5/8/2019,$27.09 ,65967540,$26.41 ,$27.71 ,$26.27 
5/7/2019,$26.66 ,75868820,$27.20 ,$27.35 ,$26.21 
5/6/2019,$27.42 ,70344090,$26.72 ,$27.50 ,$26.45 
5/3/2019,$28.22 ,55503060,$28.30 ,$28.42 ,$27.66 
5/2/2019,$28.29 ,100514800,$26.94 ,$28.64 ,$26.61 
5/1/2019,$26.81 ,136066900,$28.95 ,$29.15 ,$26.78 
4/30/2019,$27.63 ,68499770,$27.59 ,$27.80 ,$26.94 
4/29/2019,$27.69 ,44265600,$27.90 ,$28.14 ,$27.50 
4/26/2019,$27.88 ,48736860,$27.66 ,$27.90 ,$27.05 
4/25/2019,$27.66 ,56709000,$28.67 ,$28.86 ,$27.36 
4/24/2019,$28.46 ,51487330,$28.10 ,$28.85 ,$27.93 
4/23/2019,$27.97 ,41583740,$28.18 ,$28.49 ,$27.79 
4/22/2019,$28.18 ,36400850,$27.62 ,$28.23 ,$27.39 
4/18/2019,$27.68 ,39814790,$27.60 ,$27.88 ,$27.34 
4/17/2019,$27.49 ,48154690,$28.21 ,$28.27 ,$27.22 
4/16/2019,$27.93 ,47212740,$27.72 ,$28.18 ,$27.49 
4/15/2019,$27.33 ,40739300,$27.80 ,$27.84 ,$26.96 
4/12/2019,$27.85 ,40957900,$28.21 ,$28.38 ,$27.66 
4/11/2019,$27.79 ,44616360,$27.81 ,$28.05 ,$27.46 
4/10/2019,$27.83 ,64160940,$27.46 ,$28.12 ,$27.32 
4/9/2019,$27.24 ,75260050,$28.24 ,$28.38 ,$27.19 
4/8/2019,$28.53 ,57868370,$28.69 ,$28.95 ,$28.18 
4/5/2019,$28.98 ,65521490,$29.64 ,$29.69 ,$28.80 
4/4/2019,$29.09 ,82049300,$28.88 ,$29.39 ,$28.61 
4/3/2019,$29.02 ,197043700,$28.02 ,$29.95 ,$27.88 
4/2/2019,$26.75 ,52823610,$26.51 ,$26.80 ,$26.09 
4/1/2019,$26.36 ,62824700,$26.42 ,$26.56 ,$25.83 
3/29/2019,$25.52 ,53314640,$25.58 ,$25.73 ,$25.25 
3/28/2019,$25.06 ,64508920,$25.10 ,$25.56 ,$24.65 
3/27/2019,$24.89 ,88468390,$25.70 ,$25.88 ,$24.55 
3/26/2019,$25.69 ,75291650,$26.69 ,$26.98 ,$25.46 
3/25/2019,$25.97 ,78295460,$26.29 ,$26.99 ,$25.54 
3/22/2019,$26.37 ,114991600,$27.54 ,$27.75 ,$26.33 
3/21/2019,$27.89 ,127895100,$25.78 ,$28.11 ,$25.71 
3/20/2019,$25.70 ,150947000,$26.49 ,$26.88 ,$25.31 
3/19/2019,$26 ,154214600,$23.60 ,$26.08 ,$23.59 
3/18/2019,$23.25 ,34636110,$23.30 ,$23.62 ,$23.04 
3/15/2019,$23.29 ,46445110,$23.10 ,$23.65 ,$23.01 
3/14/2019,$22.82 ,42707330,$23.37 ,$23.49 ,$22.80 
3/13/2019,$23.38 ,56399350,$23.66 ,$24.15 ,$23.35 
3/12/2019,$23.49 ,56261330,$23.10 ,$23.80 ,$22.78 
3/11/2019,$22.96 ,54114630,$22.15 ,$23.08 ,$21.98 
3/8/2019,$22.01 ,49856070,$21.35 ,$22.09 ,$21.04 
3/7/2019,$22.08 ,51971070,$22.33 ,$22.41 ,$21.73 
3/6/2019,$22.41 ,60328940,$23.47 ,$23.53 ,$22.40 
3/5/2019,$23.50 ,35300270,$23.34 ,$23.68 ,$23.01 
3/4/2019,$23.37 ,47986840,$23.89 ,$24.13 ,$23.01 
3/1/2019,$23.68 ,45049370,$23.97 ,$24.19 ,$23.45 
2/28/2019,$23.53 ,38578940,$23.21 ,$23.67 ,$23.11 
2/27/2019,$23.48 ,62265120,$24.11 ,$24.23 ,$23.21 
2/26/2019,$24.21 ,44622530,$24.65 ,$24.72 ,$24.15 
2/25/2019,$24.71 ,62932710,$25.01 ,$25.52 ,$24.68 
2/22/2019,$24.36 ,52444420,$24.05 ,$24.36 ,$23.88 
2/21/2019,$23.92 ,49488120,$24.04 ,$24.33 ,$23.85 
2/20/2019,$23.95 ,56690950,$24.14 ,$24.37 ,$23.90 
2/19/2019,$23.95 ,57323750,$23.63 ,$24.41 ,$23.61 
2/15/2019,$23.68 ,78499180,$23.58 ,$24.05 ,$23.20 
2/14/2019,$23.13 ,63934490,$22.74 ,$23.37 ,$22.59 
2/13/2019,$22.85 ,57294230,$22.98 ,$23.24 ,$22.71 
2/12/2019,$22.82 ,67318410,$23.43 ,$23.56 ,$22.75 
2/11/2019,$22.96 ,60387870,$23.05 ,$23.28 ,$22.66 
2/8/2019,$23.05 ,77101180,$22.33 ,$23.28 ,$22.27 
2/7/2019,$22.67 ,86449170,$22.99 ,$23.22 ,$22.32 
2/6/2019,$23.26 ,78457780,$23.63 ,$24.14 ,$23.22 
2/5/2019,$23.31 ,121159200,$23.42 ,$23.86 ,$22.98 
2/4/2019,$24.13 ,69846670,$24.43 ,$24.66 ,$24.07 
2/1/2019,$24.51 ,105173100,$24.61 ,$24.84 ,$24.07 
1/31/2019,$24.41 ,181877200,$23.02 ,$25.14 ,$22.83 
1/30/2019,$23.09 ,210777100,$21.49 ,$23.13 ,$21.37 
1/29/2019,$19.25 ,126418900,$20.26 ,$20.39 ,$19.05 
1/28/2019,$20.18 ,134743600,$20.32 ,$21.01 ,$20.02 
1/25/2019,$21.93 ,110161400,$20.99 ,$22.03 ,$20.79 
1/24/2019,$20.85 ,96329090,$20.06 ,$21.01 ,$20.04 
1/23/2019,$19.80 ,77542570,$20.03 ,$20.48 ,$19.55 
1/22/2019,$19.76 ,78292580,$20.48 ,$20.92 ,$19.70 
1/18/2019,$20.77 ,87971230,$20.37 ,$21.05 ,$20.02 
1/17/2019,$20.25 ,84502560,$19.49 ,$20.51 ,$19.02 
1/16/2019,$19.73 ,70533680,$20.40 ,$20.54 ,$19.71 
1/15/2019,$20.38 ,62548940,$20.44 ,$20.68 ,$20.26 
1/14/2019,$20.23 ,71053050,$19.96 ,$20.62 ,$19.75 
1/11/2019,$20.27 ,84972130,$19.47 ,$20.35 ,$19.19 
1/10/2019,$19.74 ,115286200,$19.76 ,$19.83 ,$18.90 
1/9/2019,$20.19 ,163680500,$20.89 ,$21.44 ,$20.07 
1/8/2019,$20.75 ,117593000,$21.19 ,$21.20 ,$19.68 
1/7/2019,$20.57 ,106684100,$19.44 ,$20.68 ,$19 
1/4/2019,$19 ,111510800,$17.55 ,$19.07 ,$17.43 
1/3/2019,$17.05 ,117014500,$18.42 ,$18.68 ,$16.94 
1/2/2019,$18.83 ,86497360,$18.01 ,$19 ,$17.98 
12/31/2018,$18.46 ,84461870,$18.15 ,$18.51 ,$17.85 
12/28/2018,$17.82 ,108590900,$17.53 ,$18.31 ,$17.14 
12/27/2018,$17.49 ,110853500,$17.43 ,$17.74 ,$16.44 
12/26/2018,$17.90 ,108498500,$16.88 ,$17.91 ,$16.03 
12/24/2018,$16.65 ,62933130,$16.52 ,$17.22 ,$16.37 
12/21/2018,$16.93 ,129562600,$18.12 ,$18.34 ,$16.76 
12/20/2018,$17.94 ,119056000,$18.11 ,$18.86 ,$17.34 
12/19/2018,$18.16 ,120303700,$19.44 ,$19.72 ,$18 
12/18/2018,$19.50 ,101088300,$19.15 ,$19.84 ,$18.88 
12/17/2018,$18.83 ,115048600,$20.01 ,$20.03 ,$18.64 
12/14/2018,$19.90 ,84614800,$19.58 ,$20.70 ,$19.52 
12/13/2018,$19.86 ,87940320,$20.63 ,$20.87 ,$19.76 
12/12/2018,$20.48 ,100056400,$20.32 ,$21.02 ,$19.71 
12/11/2018,$19.98 ,87817520,$20.71 ,$21.14 ,$19.69 
12/10/2018,$19.99 ,77641220,$19.35 ,$20.13 ,$19.27 
12/7/2018,$19.46 ,105527100,$21.30 ,$21.38 ,$19.17 
12/6/2018,$21.30 ,103133300,$20.22 ,$21.41 ,$20.06 
12/4/2018,$21.12 ,127013600,$23.35 ,$23.42 ,$21.07 
12/3/2018,$23.71 ,139093500,$22.48 ,$23.75 ,$22.37 
11/30/2018,$21.30 ,82106130,$21.30 ,$21.36 ,$20.52 
11/29/2018,$21.43 ,79662780,$21.19 ,$21.61 ,$20.73 
11/28/2018,$21.34 ,134198200,$21.82 ,$21.88 ,$20.18 
11/27/2018,$21.05 ,118771800,$19.77 ,$21.45 ,$19.73 
11/26/2018,$20.08 ,82892900,$19.96 ,$20.19 ,$19.11 
11/23/2018,$19.38 ,54611300,$18.61 ,$19.83 ,$18.56 
11/21/2018,$18.73 ,81455560,$20.05 ,$20.31 ,$18.50 
11/20/2018,$19.21 ,109673200,$17.40 ,$19.58 ,$17.18 
11/19/2018,$19.11 ,93169460,$20.40 ,$20.59 ,$19.09 
11/16/2018,$20.66 ,112179200,$19.87 ,$20.97 ,$19.72 
11/15/2018,$21.49 ,96460050,$20.72 ,$21.77 ,$20.42 
11/14/2018,$20.81 ,106138800,$20.18 ,$21.11 ,$19.76 
11/13/2018,$19.61 ,75852920,$19.28 ,$20.02 ,$18.97 
11/12/2018,$19.03 ,95665980,$20.68 ,$20.85 ,$18.80 
11/9/2018,$21.03 ,85769210,$20.77 ,$21.19 ,$20.11 
11/8/2018,$21.20 ,92265540,$21.77 ,$22.08 ,$20.97 
11/7/2018,$21.84 ,120899500,$21.42 ,$22.22 ,$21.07 
11/6/2018,$20.68 ,144761700,$19.50 ,$21.65 ,$19.48 
11/5/2018,$19.90 ,107776700,$20.12 ,$20.18 ,$18.88 
11/2/2018,$20.23 ,123512800,$20.59 ,$21.06 ,$19.47 
11/1/2018,$20.22 ,136010400,$18.41 ,$20.33 ,$18.08 
10/31/2018,$18.21 ,110330500,$17.87 ,$18.34 ,$17.12 
10/30/2018,$17.20 ,98693880,$16.38 ,$17.24 ,$16.17 
10/29/2018,$16.85 ,94204080,$18.21 ,$18.23 ,$16.27 
10/26/2018,$17.63 ,119447300,$18.49 ,$18.78 ,$17.05 
10/25/2018,$19.27 ,188496800,$17.92 ,$20.15 ,$17.72 
10/24/2018,$22.79 ,125703600,$25.04 ,$25.10 ,$22.75 
10/23/2018,$25.09 ,101347900,$24.18 ,$25.26 ,$23.85 
10/22/2018,$25.03 ,113831100,$24.46 ,$25.64 ,$24.09 
10/19/2018,$23.66 ,130523600,$27.03 ,$27.10 ,$23.60 
10/18/2018,$26.62 ,79456530,$27.08 ,$27.75 ,$26.40 
10/17/2018,$27.30 ,89300800,$28.41 ,$28.53 ,$26.92 
10/16/2018,$28.18 ,92170210,$26.63 ,$28.23 ,$26.17 
10/15/2018,$26.26 ,70325660,$26.38 ,$26.77 ,$25.75 
10/12/2018,$26.34 ,110862700,$26.77 ,$26.97 ,$25.67 
10/11/2018,$25.30 ,146516800,$24.74 ,$26.20 ,$24.55 
10/10/2018,$25 ,146250000,$27.38 ,$27.40 ,$24.91 
10/9/2018,$27.24 ,105135000,$26.15 ,$27.71 ,$26 
10/8/2018,$26.46 ,103591300,$26.73 ,$27.54 ,$25.96 
10/5/2018,$27.35 ,87541090,$28.07 ,$28.47 ,$26.93 
10/4/2018,$27.78 ,95743030,$27.99 ,$28.83 ,$27.37 
10/3/2018,$28.43 ,189940600,$29.04 ,$29.22 ,$26.54 
10/2/2018,$29.02 ,144627000,$30.73 ,$30.82 ,$28.65 
10/1/2018,$31.42 ,94623810,$30.69 ,$31.91 ,$30.25 
9/28/2018,$30.89 ,165268800,$32.24 ,$32.78 ,$29.98 
9/27/2018,$32.59 ,87619620,$31.86 ,$32.63 ,$31.39 
9/26/2018,$32.19 ,79114970,$32.40 ,$32.60 ,$31.72 
9/25/2018,$32.57 ,118275300,$33.18 ,$33.60 ,$32.19 
9/24/2018,$32.61 ,117777200,$31.13 ,$32.65 ,$30.91 
9/21/2018,$31.02 ,129260500,$31.19 ,$32.42 ,$30.91 
9/20/2018,$31.18 ,122652200,$32.10 ,$32.20 ,$30.64 
9/19/2018,$31.21 ,123939700,$31.52 ,$31.83 ,$30.51 
9/18/2018,$31.93 ,176268000,$32.99 ,$33.37 ,$31.20 
9/17/2018,$32.43 ,179847400,$31.75 ,$33.23 ,$31.60 
9/14/2018,$32.72 ,217312000,$31.43 ,$33.09 ,$30.54 
9/13/2018,$30.48 ,302743600,$33.16 ,$34.14 ,$29.87 
9/12/2018,$32.21 ,196501400,$29.91 ,$32.29 ,$29.45 
9/11/2018,$30.10 ,159043200,$30.02 ,$30.59 ,$29.37 
9/10/2018,$29.89 ,161809900,$28.15 ,$29.93 ,$27.84 
9/7/2018,$27.38 ,123108000,$26.96 ,$28.27 ,$26.80 
9/6/2018,$27.84 ,143349900,$28.12 ,$28.58 ,$27.19 
9/5/2018,$28.51 ,256903900,$29.41 ,$29.94 ,$26.84 
9/4/2018,$28.06 ,191535000,$25.62 ,$28.11 ,$25.57 
8/31/2018,$25.17 ,65013800,$24.89 ,$25.24 ,$24.72 
8/30/2018,$24.89 ,103310600,$25.29 ,$25.67 ,$24.76 
8/29/2018,$25.20 ,142838100,$24.36 ,$25.41 ,$24.01 
8/28/2018,$25.05 ,215300400,$25.51 ,$26.18 ,$24.04 
8/27/2018,$25.26 ,323844500,$24.94 ,$27.30 ,$24.63 
8/24/2018,$23.98 ,163473500,$22.91 ,$24 ,$22.67 
8/23/2018,$22.29 ,111741600,$21.19 ,$22.32 ,$21.14 
8/22/2018,$20.90 ,61849990,$20.28 ,$20.92 ,$20.21 
8/21/2018,$20.40 ,54828680,$19.98 ,$20.42 ,$19.86 
8/20/2018,$19.98 ,62883850,$19.79 ,$20.08 ,$19.35 
8/17/2018,$19.77 ,60507310,$19.12 ,$19.82 ,$18.73 
8/16/2018,$19.33 ,69361230,$19.86 ,$20.07 ,$19.25 
8/15/2018,$19.70 ,86157320,$19.86 ,$20.10 ,$19.20 
8/14/2018,$20.02 ,88892330,$19.97 ,$20.28 ,$19.63 
8/13/2018,$19.73 ,81226280,$19.16 ,$19.93 ,$19.12 
8/10/2018,$19.06 ,65652850,$19.09 ,$19.48 ,$18.85 
8/9/2018,$19.10 ,46385180,$19.58 ,$19.71 ,$19.08 
8/8/2018,$19.58 ,51958490,$19.46 ,$19.77 ,$19.26 
8/7/2018,$19.56 ,72507680,$19.53 ,$19.71 ,$19.08 
8/6/2018,$19.43 ,83336110,$18.89 ,$19.44 ,$18.46 
8/3/2018,$18.49 ,53062330,$18.94 ,$19.06 ,$18.37 
8/2/2018,$18.79 ,52758040,$18.17 ,$18.83 ,$18 
8/1/2018,$18.48 ,75305700,$18.34 ,$18.95 ,$18.32 
7/31/2018,$18.33 ,118105600,$19.35 ,$19.50 ,$18.27 
7/30/2018,$19.42 ,160260900,$19.40 ,$20.18 ,$19.31 
7/27/2018,$18.94 ,161643700,$19.07 ,$19.88 ,$18.31 
7/26/2018,$18.35 ,190642900,$17.16 ,$18.45 ,$16.83 
7/25/2018,$16.05 ,80578490,$16.30 ,$16.39 ,$15.72 
7/24/2018,$16.19 ,58080570,$16.75 ,$16.86 ,$16.11 
7/23/2018,$16.66 ,44866840,$16.47 ,$16.68 ,$15.90 
7/20/2018,$16.50 ,42867630,$16.66 ,$16.88 ,$16.44 
7/19/2018,$16.71 ,41147930,$16.71 ,$16.88 ,$16.55 
7/18/2018,$16.85 ,40791720,$16.94 ,$16.99 ,$16.55 
7/17/2018,$16.87 ,42185430,$16.50 ,$16.88 ,$16.48 
7/16/2018,$16.58 ,64916850,$16.42 ,$17 ,$16.41 
7/13/2018,$16.27 ,40607950,$16.68 ,$16.69 ,$16.22 
7/12/2018,$16.56 ,44077820,$16.41 ,$16.79 ,$16.38 
7/11/2018,$16.27 ,42439080,$16.15 ,$16.53 ,$16.02 
7/10/2018,$16.55 ,36698850,$16.59 ,$16.65 ,$16.31 
7/9/2018,$16.61 ,58455450,$16.73 ,$16.84 ,$16.17 
7/6/2018,$16.36 ,65039470,$15.52 ,$16.39 ,$15.48 
7/5/2018,$15.50 ,40538700,$15.13 ,$15.50 ,$15.02 
7/3/2018,$15 ,32094030,$15.21 ,$15.34 ,$14.96 
7/2/2018,$15.16 ,43311830,$14.80 ,$15.18 ,$14.74 
6/29/2018,$14.99 ,41410390,$15.41 ,$15.49 ,$14.98 
6/28/2018,$15.31 ,48655280,$14.85 ,$15.36 ,$14.75 
6/27/2018,$14.97 ,55904660,$15.65 ,$15.76 ,$14.96 
6/26/2018,$15.50 ,54113220,$15.32 ,$15.60 ,$15.10 
6/25/2018,$15.11 ,94289130,$15.64 ,$15.74 ,$14.54 
6/22/2018,$15.80 ,59200310,$15.78 ,$15.91 ,$15.56 
6/21/2018,$15.65 ,95440270,$16.65 ,$16.87 ,$15.46 
6/20/2018,$16.52 ,76161740,$16.83 ,$17.13 ,$16.37 
6/19/2018,$16.69 ,92438260,$16.85 ,$17.29 ,$16.31 
6/18/2018,$17.11 ,103906800,$16.18 ,$17.34 ,$16.13 
6/15/2018,$16.34 ,77526520,$16.06 ,$16.52 ,$15.82 
6/14/2018,$16.25 ,112862500,$16.62 ,$16.79 ,$15.58 
6/13/2018,$16.32 ,89738020,$15.81 ,$16.52 ,$15.78 
6/12/2018,$15.85 ,66691810,$15.84 ,$15.95 ,$15.43 
6/11/2018,$15.73 ,80610500,$15.21 ,$15.89 ,$15.01 
6/8/2018,$15.25 ,81834940,$14.52 ,$15.33 ,$14.31 
6/7/2018,$14.89 ,99561050,$15.83 ,$15.97 ,$14.85 
6/6/2018,$15.67 ,96957660,$15.07 ,$15.74 ,$15.04 
6/5/2018,$14.85 ,56008480,$14.85 ,$14.92 ,$14.63 
6/4/2018,$14.85 ,74382450,$14.76 ,$14.98 ,$14.52 
6/1/2018,$14.40 ,71452360,$13.98 ,$14.40 ,$13.92 
5/31/2018,$13.73 ,46699110,$13.74 ,$13.93 ,$13.69 
5/30/2018,$13.82 ,58109590,$13.48 ,$13.95 ,$13.48 
5/29/2018,$13.36 ,39402110,$13.45 ,$13.63 ,$13.26 
5/25/2018,$13.54 ,43797830,$13.40 ,$13.72 ,$13.36 
5/24/2018,$13.41 ,47324440,$13.06 ,$13.43 ,$13.03 
5/23/2018,$13.10 ,44440810,$12.93 ,$13.18 ,$12.90 
5/22/2018,$12.98 ,43211680,$13 ,$13.14 ,$12.71 
5/21/2018,$12.99 ,49530040,$13.25 ,$13.31 ,$12.88 
5/18/2018,$13 ,53973530,$13.06 ,$13.26 ,$12.91 
5/17/2018,$12.82 ,38051070,$12.79 ,$12.90 ,$12.66 
5/16/2018,$12.82 ,73308040,$12.64 ,$12.98 ,$12.62 
5/15/2018,$12.45 ,44074970,$12.18 ,$12.46 ,$12.16 
5/14/2018,$12.23 ,50149830,$12.14 ,$12.36 ,$12.11 
5/11/2018,$11.95 ,43841960,$11.89 ,$12.03 ,$11.69 
5/10/2018,$12.13 ,49269010,$11.98 ,$12.18 ,$11.95 
5/9/2018,$11.95 ,49500430,$11.65 ,$11.98 ,$11.57 
5/8/2018,$11.61 ,35163600,$11.49 ,$11.66 ,$11.40 
5/7/2018,$11.59 ,53940250,$11.32 ,$11.68 ,$11.30 
5/4/2018,$11.28 ,47803850,$10.88 ,$11.29 ,$10.87 
5/3/2018,$10.93 ,33257430,$10.90 ,$11.06 ,$10.83 
5/2/2018,$10.97 ,29193300,$11.10 ,$11.16 ,$10.97 
5/1/2018,$11.13 ,43360090,$10.83 ,$11.15 ,$10.77 
4/30/2018,$10.88 ,50529070,$11.06 ,$11.14 ,$10.87 
4/27/2018,$11.11 ,74265930,$11.20 ,$11.36 ,$11.02 
4/26/2018,$11.04 ,144894800,$10.87 ,$11.19 ,$10.61 
4/25/2018,$9.71 ,85940620,$10.06 ,$10.09 ,$9.56 
4/24/2018,$10.09 ,44886420,$10.19 ,$10.35 ,$9.95 
4/23/2018,$10.04 ,42906640,$10.09 ,$10.19 ,$9.97 
4/20/2018,$9.99 ,38868090,$10.05 ,$10.14 ,$9.95 
4/19/2018,$10.11 ,57742160,$10.18 ,$10.33 ,$9.99 
4/18/2018,$10.36 ,42247940,$10.51 ,$10.65 ,$10.33 
4/17/2018,$10.52 ,45204700,$10.28 ,$10.53 ,$10.20 
4/16/2018,$10.09 ,28771670,$10 ,$10.17 ,$9.90 
4/13/2018,$9.93 ,38889900,$10.20 ,$10.22 ,$9.88 
4/12/2018,$10.08 ,47715150,$9.98 ,$10.10 ,$9.82 
4/11/2018,$9.82 ,28994160,$9.87 ,$10.03 ,$9.79 
4/10/2018,$9.98 ,42889140,$9.75 ,$10.04 ,$9.71 
4/9/2018,$9.53 ,38237650,$9.75 ,$9.84 ,$9.52 
4/6/2018,$9.61 ,51021630,$9.83 ,$10.10 ,$9.50 
4/5/2018,$10.02 ,65373470,$10.05 ,$10.20 ,$9.91 
4/4/2018,$9.77 ,67067670,$9.08 ,$9.81 ,$9.04 
4/3/2018,$9.55 ,54856380,$9.63 ,$9.77 ,$9.30 
4/2/2018,$9.53 ,64737130,$9.99 ,$10.14 ,$9.51 
3/29/2018,$10.05 ,48585690,$9.94 ,$10.08 ,$9.81 
3/28/2018,$9.81 ,64698640,$9.99 ,$10.17 ,$9.79 
3/27/2018,$10 ,68458540,$10.51 ,$10.59 ,$9.90 
3/26/2018,$10.44 ,75688790,$10.71 ,$10.80 ,$10.18 
3/23/2018,$10.63 ,54759180,$10.91 ,$10.97 ,$10.57 
3/22/2018,$10.91 ,59811510,$11.10 ,$11.26 ,$10.85 
3/21/2018,$11.26 ,44650310,$11.16 ,$11.34 ,$11.11 
3/20/2018,$11.11 ,64888650,$11.41 ,$11.52 ,$11 
3/19/2018,$11.43 ,53221710,$11.41 ,$11.74 ,$11.35 
3/16/2018,$11.47 ,37538020,$11.49 ,$11.55 ,$11.32 
3/15/2018,$11.46 ,63112840,$11.43 ,$11.55 ,$11.19 
3/14/2018,$11.36 ,80209850,$11.70 ,$11.72 ,$11.26 
3/13/2018,$11.64 ,174114400,$11.50 ,$12.04 ,$11.10 
3/12/2018,$11.52 ,83545210,$11.76 ,$11.82 ,$11.48 
3/9/2018,$11.70 ,89440590,$12.03 ,$12.04 ,$11.58 
3/8/2018,$11.97 ,75963420,$12.40 ,$12.59 ,$11.74 
3/7/2018,$12.24 ,127314100,$11.58 ,$12.82 ,$11.55 
3/6/2018,$11.76 ,45831700,$12.01 ,$12.05 ,$11.71 
3/5/2018,$11.91 ,43673270,$11.69 ,$12.06 ,$11.61 
3/2/2018,$11.81 ,57956290,$11.67 ,$11.93 ,$11.43 
3/1/2018,$11.90 ,62981050,$12.26 ,$12.27 ,$11.66 
2/28/2018,$12.11 ,43293160,$12.66 ,$12.73 ,$12.10 
2/27/2018,$12.53 ,55817200,$12.43 ,$12.88 ,$12.39 
2/26/2018,$12.42 ,42103360,$12.14 ,$12.43 ,$12.05 
2/23/2018,$12.07 ,33161500,$11.95 ,$12.16 ,$11.94 
2/22/2018,$11.84 ,37824310,$11.82 ,$12.00 ,$11.63 
2/21/2018,$11.72 ,40069650,$12.12 ,$12.12 ,$11.72 
2/20/2018,$12.02 ,46848120,$11.72 ,$12.19 ,$11.71 
2/16/2018,$11.82 ,47240490,$12.11 ,$12.23 ,$11.82 
2/15/2018,$12.19 ,57714520,$12.40 ,$12.63 ,$12.07 
2/14/2018,$12.20 ,51695890,$11.72 ,$12.31 ,$11.63 
2/13/2018,$11.78 ,32379740,$11.60 ,$11.82 ,$11.53 
2/12/2018,$11.68 ,62932090,$11.47 ,$11.80 ,$11.43 
2/9/2018,$11.31 ,85316260,$11.54 ,$11.57 ,$10.63 
2/8/2018,$11.22 ,56168660,$11.72 ,$11.85 ,$11.21 
2/7/2018,$11.60 ,55582730,$11.70 ,$11.90 ,$11.53 
2/6/2018,$11.65 ,86285130,$11.04 ,$11.74 ,$11 
2/5/2018,$11.57 ,116095400,$12.05 ,$12.18 ,$10.93 
2/2/2018,$12.45 ,79195600,$13.05 ,$13.06 ,$12.43 
2/1/2018,$13.25 ,67171010,$13.62 ,$13.84 ,$13.21 
1/31/2018,$13.74 ,140571100,$13.24 ,$13.85 ,$13.15 
1/30/2018,$12.87 ,87660690,$13.12 ,$13.27 ,$12.69 
1/29/2018,$13.32 ,66232190,$13.13 ,$13.47 ,$13.05 
1/26/2018,$12.95 ,43709320,$12.70 ,$12.95 ,$12.62 
1/25/2018,$12.41 ,42555860,$12.78 ,$12.94 ,$12.32 
1/24/2018,$12.71 ,41857520,$13.02 ,$13.05 ,$12.60 
1/23/2018,$12.94 ,46348240,$12.82 ,$13.00 ,$12.76 
1/22/2018,$12.65 ,34649300,$12.61 ,$12.74 ,$12.37 
1/19/2018,$12.59 ,46279510,$12.56 ,$12.88 ,$12.54 
1/18/2018,$12.47 ,62003200,$12.18 ,$12.68 ,$12.15 
1/17/2018,$12.18 ,38917310,$11.90 ,$12.19 ,$11.82 
1/16/2018,$11.91 ,41879890,$12.05 ,$12.20 ,$11.80 
1/12/2018,$12.02 ,46991180,$11.82 ,$12.07 ,$11.80 
1/11/2018,$12.14 ,37051170,$12.07 ,$12.19 ,$11.90 
1/10/2018,$11.96 ,52335790,$11.63 ,$12.15 ,$11.56 
1/9/2018,$11.82 ,62426620,$12 ,$12.02 ,$11.71 
1/8/2018,$12.28 ,63143340,$12.01 ,$12.30 ,$11.85 
1/5/2018,$11.88 ,63635850,$12.19 ,$12.22 ,$11.66 
1/4/2018,$12.12 ,109288400,$12.10 ,$12.43 ,$11.97 
1/3/2018,$11.55 ,153162800,$11.61 ,$12.14 ,$11.36 
1/2/2018,$10.98 ,43830470,$10.42 ,$11.02 ,$10.34 
12/29/2017,$10.28 ,26607910,$10.57 ,$10.58 ,$10.27 
12/28/2017,$10.55 ,18542550,$10.57 ,$10.64 ,$10.43 
12/27/2017,$10.53 ,22851820,$10.45 ,$10.74 ,$10.40 
12/26/2017,$10.46 ,20411300,$10.38 ,$10.58 ,$10.34 
12/22/2017,$10.54 ,50679050,$10.75 ,$10.77 ,$10.20 
12/21/2017,$10.89 ,21839960,$10.98 ,$11.08 ,$10.87 
12/20/2017,$10.98 ,31370190,$11.10 ,$11.18 ,$10.80 
12/19/2017,$10.95 ,43674640,$11 ,$11.19 ,$10.87 
12/18/2017,$10.98 ,63690700,$10.60 ,$11 ,$10.51 
12/15/2017,$10.29 ,45424770,$10.13 ,$10.32 ,$10.02 
12/14/2017,$10.13 ,28970230,$10.10 ,$10.17 ,$9.96 
12/13/2017,$10.11 ,41379990,$9.97 ,$10.21 ,$9.95 
12/12/2017,$9.90 ,36120990,$10.13 ,$10.14 ,$9.88 
12/11/2017,$10.16 ,29898330,$9.97 ,$10.16 ,$9.96 
12/8/2017,$9.94 ,34834780,$10.15 ,$10.20 ,$9.92 
12/7/2017,$10.04 ,32532050,$10.07 ,$10.19 ,$9.95 
12/6/2017,$10 ,38592990,$9.90 ,$10.05 ,$9.71 
12/5/2017,$9.91 ,67167770,$9.89 ,$10.34 ,$9.70 
12/4/2017,$10.03 ,97133350,$10.85 ,$10.86 ,$9.82 
12/1/2017,$10.73 ,42079680,$10.81 ,$10.97 ,$10.53 
11/30/2017,$10.89 ,43105690,$10.87 ,$11.03 ,$10.76 
11/29/2017,$10.83 ,63241920,$11.08 ,$11.17 ,$10.73 
11/28/2017,$11.17 ,65215400,$11.45 ,$11.54 ,$11 
11/27/2017,$11.55 ,41766090,$11.34 ,$11.74 ,$11.34 
11/24/2017,$11.38 ,11035760,$11.38 ,$11.42 ,$11.30 
11/22/2017,$11.37 ,23784300,$11.41 ,$11.49 ,$11.30 
11/21/2017,$11.40 ,31799300,$11.42 ,$11.49 ,$11.24 
11/20/2017,$11.34 ,35873840,$11.47 ,$11.51 ,$11.19 
11/17/2017,$11.38 ,56706930,$11.30 ,$11.75 ,$11.28 
11/16/2017,$11.25 ,31743120,$11.13 ,$11.32 ,$11.13 
11/15/2017,$11.07 ,33422450,$11.01 ,$11.13 ,$10.77 
11/14/2017,$11.12 ,37195820,$11.03 ,$11.26 ,$11 
11/13/2017,$11.09 ,54003220,$11.18 ,$11.20 ,$10.92 
11/10/2017,$11.26 ,50138710,$11.22 ,$11.43 ,$11.12 
11/9/2017,$11.12 ,76527680,$11.25 ,$11.35 ,$11.03 
11/8/2017,$11.71 ,58724490,$11.94 ,$11.95 ,$11.51 
11/7/2017,$12.05 ,67768030,$11.94 ,$12.27 ,$11.92 
11/6/2017,$11.93 ,96003560,$12.04 ,$12.09 ,$11.64 
11/3/2017,$11.12 ,44158040,$10.95 ,$11.13 ,$10.82 
11/2/2017,$10.85 ,47849240,$10.87 ,$10.99 ,$10.66 
11/1/2017,$10.80 ,66738370,$11.25 ,$11.29 ,$10.72 
10/31/2017,$10.99 ,78475980,$10.76 ,$11.31 ,$10.69 
10/30/2017,$10.89 ,137433400,$11.26 ,$11.42 ,$10.65 
10/27/2017,$11.84 ,115511000,$12.17 ,$12.19 ,$11.35 
10/26/2017,$12.01 ,87296580,$12.45 ,$12.46 ,$12 
10/25/2017,$12.33 ,166405700,$12.95 ,$13.13 ,$12.29 
10/24/2017,$14.25 ,78891200,$14.20 ,$14.36 ,$14.15 
10/23/2017,$14.10 ,49695740,$13.94 ,$14.19 ,$13.90 
10/20/2017,$13.81 ,32448020,$14.03 ,$14.09 ,$13.80 
10/19/2017,$13.95 ,33721630,$13.85 ,$14.04 ,$13.69 
10/18/2017,$14.07 ,38941260,$14.20 ,$14.28 ,$13.76 
10/17/2017,$14.16 ,28891590,$14.24 ,$14.35 ,$14.14 
10/16/2017,$14.26 ,34063350,$14.25 ,$14.35 ,$14.12 
10/13/2017,$14.22 ,37315850,$14.32 ,$14.41 ,$14.12 
10/12/2017,$14.20 ,69522200,$13.85 ,$14.37 ,$13.81 
10/11/2017,$13.88 ,38481230,$13.62 ,$13.96 ,$13.61 
10/10/2017,$13.70 ,43200630,$13.72 ,$13.79 ,$13.44 
10/9/2017,$13.47 ,53875890,$13.26 ,$13.83 ,$13.26 
10/6/2017,$13.23 ,28107190,$13.22 ,$13.39 ,$13.18 
10/5/2017,$13.34 ,34590210,$13.38 ,$13.46 ,$13.21 
10/4/2017,$13.31 ,42164720,$13.31 ,$13.50 ,$13.15 
10/3/2017,$13.42 ,84929460,$12.73 ,$13.48 ,$12.70 
10/2/2017,$12.71 ,34399110,$12.80 ,$12.85 ,$12.62 
9/29/2017,$12.75 ,33723630,$12.77 ,$12.82 ,$12.60 
9/28/2017,$12.74 ,35744970,$12.76 ,$12.84 ,$12.55 
9/27/2017,$12.74 ,59777410,$12.65 ,$12.87 ,$12.50 
9/26/2017,$12.45 ,68107920,$12.85 ,$12.93 ,$12.43 
9/25/2017,$12.61 ,83880060,$13.25 ,$13.28 ,$12.49 
9/22/2017,$13.30 ,50224570,$13.20 ,$13.40 ,$13.12 
9/21/2017,$13.41 ,166270300,$14 ,$14.24 ,$13.32 
9/20/2017,$13.74 ,96500450,$13.07 ,$13.80 ,$12.80 
9/19/2017,$13.12 ,65299220,$13.25 ,$13.29 ,$12.88 
9/18/2017,$13.08 ,83040320,$12.77 ,$13.30 ,$12.74 
9/15/2017,$12.52 ,50200410,$12.33 ,$12.66 ,$12.31 
9/14/2017,$12.26 ,37006760,$12.15 ,$12.46 ,$12.11 
9/13/2017,$12.22 ,37098230,$12.22 ,$12.36 ,$12.12 
9/12/2017,$12.30 ,54305240,$12.66 ,$12.68 ,$12.21 
9/11/2017,$12.55 ,43183050,$12.46 ,$12.74 ,$12.40 
9/8/2017,$12.25 ,60714580,$12.57 ,$12.61 ,$12.04 
9/7/2017,$12.63 ,35711620,$12.84 ,$12.94 ,$12.60 
9/6/2017,$12.86 ,33989840,$13.02 ,$13.08 ,$12.75 
9/5/2017,$12.92 ,51472280,$12.88 ,$13.18 ,$12.65 
9/1/2017,$13.19 ,53073420,$13.12 ,$13.49 ,$13.04 
8/31/2017,$13 ,51532900,$12.82 ,$13.16 ,$12.79 
8/30/2017,$12.67 ,43798290,$12.19 ,$12.68 ,$12.16 
8/29/2017,$12.15 ,33500250,$12 ,$12.18 ,$11.93 
8/28/2017,$12.23 ,35326790,$12.53 ,$12.55 ,$12.16 
8/25/2017,$12.43 ,29650370,$12.51 ,$12.57 ,$12.25 
8/24/2017,$12.50 ,37161680,$12.69 ,$12.71 ,$12.39 
8/23/2017,$12.48 ,44193270,$12 ,$12.54 ,$11.95 
8/22/2017,$12.17 ,38946780,$12.20 ,$12.33 ,$12.10 
8/21/2017,$12.05 ,58786300,$12.42 ,$12.42 ,$11.86 
8/18/2017,$12.37 ,37456460,$12.43 ,$12.56 ,$12.25 
8/17/2017,$12.34 ,47219890,$12.46 ,$12.65 ,$12.32 
8/16/2017,$12.63 ,64491210,$13.17 ,$13.19 ,$12.52 
8/15/2017,$13.02 ,57802470,$13.01 ,$13.14 ,$12.75 
8/14/2017,$12.76 ,64296850,$12.58 ,$12.85 ,$12.58 
8/11/2017,$12.23 ,63432560,$12.04 ,$12.39 ,$11.88 
8/10/2017,$12.12 ,82513300,$12.70 ,$12.92 ,$12.11 
8/9/2017,$12.83 ,58777060,$12.76 ,$12.89 ,$12.54 
8/8/2017,$13.11 ,46944630,$13.48 ,$13.55 ,$13.08 
8/7/2017,$13.43 ,57354860,$13.33 ,$13.57 ,$13.27 
8/4/2017,$13.12 ,64084020,$13.20 ,$13.36 ,$13.02 
8/3/2017,$13.24 ,52390000,$13.42 ,$13.52 ,$13.08 
8/2/2017,$13.37 ,67313440,$13.81 ,$13.93 ,$13.12 
8/1/2017,$13.71 ,48878440,$13.72 ,$13.86 ,$13.45 
7/31/2017,$13.61 ,68989860,$14.09 ,$14.22 ,$13.47 
7/28/2017,$13.95 ,66561270,$13.85 ,$14.10 ,$13.68 
7/27/2017,$14.12 ,130072800,$14.99 ,$15.04 ,$13.70 
7/26/2017,$14.76 ,235590000,$15.13 ,$15.65 ,$14.40 
7/25/2017,$14.11 ,92517550,$14.29 ,$14.32 ,$13.87 
7/24/2017,$14.16 ,70752040,$14 ,$14.44 ,$13.97 
7/21/2017,$13.88 ,50971930,$13.70 ,$14.05 ,$13.62 
7/20/2017,$13.80 ,47504460,$13.61 ,$13.89 ,$13.45 
7/19/2017,$13.55 ,51850750,$13.62 ,$13.74 ,$13.41 
7/18/2017,$13.48 ,78173280,$13.29 ,$13.53 ,$13.15 
7/17/2017,$13.80 ,71634170,$14.03 ,$14.12 ,$13.51 
7/14/2017,$13.92 ,82000300,$13.46 ,$13.93 ,$13.32 
7/13/2017,$13.53 ,111407400,$14.33 ,$14.49 ,$13.43 
7/12/2017,$14.29 ,78290100,$14.17 ,$14.39 ,$13.96 
7/11/2017,$13.89 ,70990560,$13.77 ,$14.10 ,$13.62 
7/10/2017,$13.81 ,78224060,$13.61 ,$13.88 ,$13.27 
7/7/2017,$13.36 ,88121390,$13.27 ,$13.75 ,$13.18 
7/6/2017,$13.02 ,88800030,$12.94 ,$13.32 ,$12.67 
7/5/2017,$13.19 ,99157210,$12.36 ,$13.21 ,$12.32 
7/3/2017,$12.15 ,39929100,$12.57 ,$12.73 ,$12.13 
6/30/2017,$12.48 ,59175870,$12.57 ,$12.83 ,$12.36 
6/29/2017,$12.60 ,87268080,$13.06 ,$13.15 ,$12.45 
6/28/2017,$13.23 ,84962280,$13.65 ,$13.70 ,$13.09 
6/27/2017,$13.40 ,89113140,$13.76 ,$14.04 ,$13.37 
6/26/2017,$14.08 ,100449300,$14.39 ,$14.49 ,$13.84 
6/23/2017,$14.17 ,200262900,$14.15 ,$14.67 ,$13.90 
6/22/2017,$14.38 ,149051300,$14.10 ,$14.50 ,$13.56 
6/21/2017,$13.98 ,188263500,$13.36 ,$14.01 ,$13.13 
6/20/2017,$12.64 ,117641600,$12.19 ,$12.93 ,$12.18 
6/19/2017,$11.93 ,61620470,$11.63 ,$12.12 ,$11.62 
6/16/2017,$11.44 ,59671780,$11.66 ,$11.83 ,$11.28 
6/15/2017,$11.50 ,61368550,$11.34 ,$11.58 ,$11.21 
6/14/2017,$11.77 ,51670440,$11.91 ,$12.05 ,$11.65 
6/13/2017,$11.96 ,87162690,$12.33 ,$12.48 ,$11.67 
6/12/2017,$12.09 ,125590800,$11.75 ,$12.35 ,$11.27 
6/9/2017,$12.28 ,167229800,$13.10 ,$13.40 ,$11.63 
6/8/2017,$12.90 ,89209870,$12.81 ,$12.91 ,$12.40 
6/7/2017,$12.38 ,150667100,$12.42 ,$12.96 ,$12.23 
6/6/2017,$12.03 ,114578700,$11.27 ,$12.24 ,$11.24 
6/5/2017,$11.24 ,66145900,$10.84 ,$11.34 ,$10.80 
6/2/2017,$10.90 ,43009550,$10.93 ,$10.96 ,$10.57 
6/1/2017,$10.93 ,47931740,$11.25 ,$11.29 ,$10.81 
5/31/2017,$11.19 ,42903690,$11.29 ,$11.49 ,$11.10 
5/30/2017,$11.12 ,35269030,$10.95 ,$11.27 ,$10.90 
5/26/2017,$11 ,31853380,$10.85 ,$11.02 ,$10.74 
5/25/2017,$10.98 ,33492590,$11.01 ,$11.01 ,$10.80 
5/24/2017,$10.89 ,42949280,$11.05 ,$11.06 ,$10.71 
5/23/2017,$10.89 ,49703970,$10.97 ,$11.06 ,$10.62 
5/22/2017,$11.04 ,78616820,$11.49 ,$11.55 ,$10.77 
5/19/2017,$11.41 ,50232860,$11.47 ,$11.62 ,$11.35 
5/18/2017,$11.28 ,86807510,$10.99 ,$11.49 ,$10.81 
5/17/2017,$11.20 ,159885600,$11.81 ,$12.29 ,$11.16 
5/16/2017,$12.75 ,160810600,$11.66 ,$12.77 ,$11.63 
5/15/2017,$11.42 ,52468570,$11.41 ,$11.60 ,$11.30 
5/12/2017,$11.26 ,55993720,$11.20 ,$11.40 ,$11.08 
5/11/2017,$11.07 ,72878010,$10.74 ,$11.26 ,$10.51 
5/10/2017,$10.79 ,65893570,$10.46 ,$10.85 ,$10.45 
5/9/2017,$10.18 ,49726280,$10.04 ,$10.40 ,$10.04 
5/8/2017,$10.04 ,35068930,$10.22 ,$10.22 ,$10 
5/5/2017,$10.19 ,51704530,$10.13 ,$10.26 ,$9.94 
5/4/2017,$10.10 ,76962220,$10.55 ,$10.55 ,$9.94 
5/3/2017,$10.39 ,140835000,$10.29 ,$10.68 ,$9.85 
5/2/2017,$10.32 ,267432900,$11.73 ,$11.76 ,$10.30 
5/1/2017,$13.62 ,63863980,$13.43 ,$13.63 ,$13.25 
4/28/2017,$13.30 ,50248290,$13.73 ,$13.76 ,$13.16 
4/27/2017,$13.62 ,31123270,$13.43 ,$13.70 ,$13.37 
4/26/2017,$13.41 ,36606250,$13.42 ,$13.53 ,$13.22 
4/25/2017,$13.49 ,35795170,$13.24 ,$13.53 ,$13.16 
4/24/2017,$13.13 ,36090980,$13.23 ,$13.23 ,$13.05 
4/21/2017,$13 ,25516800,$13.08 ,$13.12 ,$12.90 
4/20/2017,$13.11 ,41939040,$12.98 ,$13.15 ,$12.88 
4/19/2017,$12.84 ,36252160,$13.09 ,$13.21 ,$12.80 
4/18/2017,$12.95 ,37128380,$12.63 ,$12.97 ,$12.58 
4/17/2017,$12.79 ,38093970,$12.53 ,$12.80 ,$12.37 
4/13/2017,$12.31 ,53325260,$12.51 ,$12.72 ,$12.22 
4/12/2017,$12.76 ,37200530,$12.94 ,$13.10 ,$12.74 
4/11/2017,$13.10 ,59818640,$13.02 ,$13.29 ,$12.71 
4/10/2017,$13.10 ,47083720,$13.52 ,$13.59 ,$13.04 
4/7/2017,$13.52 ,70362040,$13.33 ,$13.68 ,$13.22 
4/6/2017,$13.27 ,139236400,$13.42 ,$13.46 ,$12.83 
4/5/2017,$14.17 ,58675610,$14.28 ,$14.64 ,$14.10 
4/4/2017,$14.16 ,58271440,$14.31 ,$14.67 ,$14.03 
4/3/2017,$14.64 ,48320200,$14.60 ,$14.74 ,$14.30 
3/31/2017,$14.55 ,84480730,$14.10 ,$14.75 ,$14.01 
3/30/2017,$14.05 ,43964720,$13.73 ,$14.05 ,$13.65 
3/29/2017,$13.71 ,37822400,$13.74 ,$13.87 ,$13.63 
3/28/2017,$13.69 ,37108080,$13.75 ,$13.86 ,$13.55 
3/27/2017,$13.70 ,42560780,$13.35 ,$13.78 ,$13.21 
3/24/2017,$13.70 ,50022400,$14.16 ,$14.18 ,$13.54 
3/23/2017,$13.79 ,44402540,$13.96 ,$14.12 ,$13.77 
3/22/2017,$14.10 ,61120500,$13.70 ,$14.15 ,$13.55 
3/21/2017,$13.82 ,72373080,$14.40 ,$14.49 ,$13.78 
3/20/2017,$14.40 ,91009110,$13.68 ,$14.50 ,$13.54 
3/17/2017,$13.49 ,224761700,$13.62 ,$13.74 ,$13.36 
3/16/2017,$13.65 ,44356700,$13.79 ,$13.88 ,$13.65 
3/15/2017,$13.98 ,55070770,$14.03 ,$14.06 ,$13.62 
3/14/2017,$14.10 ,52355490,$14 ,$14.15 ,$13.64 
3/13/2017,$14.28 ,72917550,$14.48 ,$14.68 ,$14.18 
3/10/2017,$13.91 ,62426240,$13.50 ,$13.93 ,$13.45 
3/9/2017,$13.33 ,45122590,$13.45 ,$13.45 ,$13.11 
3/8/2017,$13.22 ,71231410,$13.25 ,$13.55 ,$13.10 
3/7/2017,$13.05 ,76518390,$13.07 ,$13.37 ,$12.79 
3/6/2017,$13.04 ,117044000,$13 ,$13.34 ,$12.38 
3/3/2017,$13.03 ,163489100,$13.55 ,$13.58 ,$12.79 
3/2/2017,$13.90 ,103970100,$14.59 ,$14.78 ,$13.87 
3/1/2017,$14.96 ,73311380,$15.08 ,$15.09 ,$14.52 
2/28/2017,$14.46 ,141638700,$15.45 ,$15.55 ,$14.35 
2/27/2017,$15.20 ,95126330,$14.27 ,$15.35 ,$14.27 
2/24/2017,$14.12 ,46130900,$14 ,$14.32 ,$13.86 
2/23/2017,$14.32 ,79900450,$14.20 ,$14.45 ,$13.82 
2/22/2017,$14.28 ,71394390,$14.30 ,$14.50 ,$14.04 
2/21/2017,$14 ,66250920,$13.41 ,$14.10 ,$13.40 
2/17/2017,$13.13 ,40831730,$12.79 ,$13.14 ,$12.60 
2/16/2017,$12.97 ,52403840,$13.25 ,$13.35 ,$12.84 
2/15/2017,$13.30 ,33655580,$13.20 ,$13.44 ,$13.15 
2/14/2017,$13.26 ,40436710,$13.43 ,$13.49 ,$13.19 
2/13/2017,$13.49 ,57231080,$13.70 ,$13.95 ,$13.38 
2/10/2017,$13.58 ,54522240,$13.86 ,$13.86 ,$13.25 
2/9/2017,$13.42 ,72826820,$13.78 ,$13.89 ,$13.40 
2/8/2017,$13.56 ,75894880,$13.21 ,$13.75 ,$13.08 
2/7/2017,$13.29 ,158507200,$14.05 ,$14.27 ,$13.06 
2/6/2017,$13.63 ,139921700,$12.46 ,$13.70 ,$12.38 
2/3/2017,$12.24 ,59981710,$12.37 ,$12.50 ,$12.04 
2/2/2017,$12.28 ,116246800,$11.98 ,$12.66 ,$11.95 
2/1/2017,$12.06 ,165784500,$10.90 ,$12.14 ,$10.81 
1/31/2017,$10.37 ,51993490,$10.60 ,$10.67 ,$10.22 
1/30/2017,$10.61 ,37648430,$10.62 ,$10.68 ,$10.30 
1/27/2017,$10.67 ,32563480,$10.60 ,$10.73 ,$10.52 
1/26/2017,$10.52 ,35779140,$10.35 ,$10.66 ,$10.30 
1/25/2017,$10.35 ,61800440,$10.74 ,$10.98 ,$10.15 
1/24/2017,$10.44 ,43858900,$9.95 ,$10.49 ,$9.95 
1/23/2017,$9.91 ,27848180,$9.68 ,$10.06 ,$9.68 
1/20/2017,$9.75 ,27936610,$9.88 ,$9.96 ,$9.67 
1/19/2017,$9.77 ,46087250,$9.92 ,$10.25 ,$9.75 
1/18/2017,$9.88 ,51705580,$9.54 ,$10.10 ,$9.42 
1/17/2017,$9.82 ,70388000,$10.17 ,$10.23 ,$9.78 
1/13/2017,$10.58 ,38344340,$10.79 ,$10.87 ,$10.56 
1/12/2017,$10.76 ,75178900,$10.98 ,$11.04 ,$10.33 
1/11/2017,$11.20 ,39337330,$11.39 ,$11.41 ,$11.15 
1/10/2017,$11.44 ,29122540,$11.55 ,$11.63 ,$11.33 
1/9/2017,$11.49 ,37215840,$11.37 ,$11.64 ,$11.31 
1/6/2017,$11.32 ,34437560,$11.29 ,$11.49 ,$11.11 
1/5/2017,$11.24 ,38777380,$11.43 ,$11.69 ,$11.23 
1/4/2017,$11.43 ,40742680,$11.45 ,$11.52 ,$11.24 
1/3/2017,$11.43 ,55114820,$11.42 ,$11.65 ,$11.02 
12/30/2016,$11.34 ,44033460,$11.70 ,$11.78 ,$11.25 
12/29/2016,$11.59 ,50180310,$11.24 ,$11.62 ,$11.01 
12/28/2016,$11.55 ,71072640,$12.28 ,$12.42 ,$11.46 
12/27/2016,$12.07 ,44168130,$11.65 ,$12.08 ,$11.60 
12/23/2016,$11.58 ,32232730,$11.30 ,$11.60 ,$11.26 
12/22/2016,$11.60 ,36015540,$11.65 ,$11.75 ,$11.47 
12/21/2016,$11.47 ,44688380,$11.61 ,$11.72 ,$11.31 
12/20/2016,$11.51 ,59184180,$11.19 ,$11.51 ,$11.15 
12/19/2016,$10.95 ,45999390,$10.81 ,$11 ,$10.52 
12/16/2016,$10.66 ,77525980,$10.94 ,$11.23 ,$10.60 
12/15/2016,$10.86 ,48842780,$10.68 ,$10.93 ,$10.64 
12/14/2016,$10.55 ,46878230,$10.43 ,$10.74 ,$10.27 
12/13/2016,$10.54 ,46660430,$10.75 ,$10.80 ,$10.40 
12/12/2016,$10.68 ,63255660,$10.40 ,$10.93 ,$10.38 
12/9/2016,$10.34 ,60536690,$10.38 ,$10.54 ,$9.87 
12/8/2016,$10.34 ,104504900,$9.90 ,$10.66 ,$9.80 
12/7/2016,$9.56 ,54850990,$9.65 ,$9.79 ,$9.24 
12/6/2016,$9.45 ,92134400,$8.95 ,$9.54 ,$8.82 
12/5/2016,$8.68 ,31381360,$8.69 ,$8.71 ,$8.45 
12/2/2016,$8.53 ,42360750,$8.38 ,$8.74 ,$8.38 
12/1/2016,$8.39 ,56570720,$8.92 ,$9.03 ,$8.26 
11/30/2016,$8.91 ,36459680,$9.02 ,$9.12 ,$8.90 
11/29/2016,$8.93 ,54755520,$9 ,$9.23 ,$8.85 
11/28/2016,$8.83 ,25742810,$8.72 ,$8.98 ,$8.72 
11/25/2016,$8.77 ,14214120,$8.80 ,$8.91 ,$8.69 
11/23/2016,$8.80 ,34598200,$8.72 ,$8.86 ,$8.50 
11/22/2016,$8.69 ,71173480,$9.05 ,$9.06 ,$8.54 
11/21/2016,$8.94 ,65516810,$8.87 ,$9.22 ,$8.86 
11/18/2016,$8.71 ,62296240,$8.68 ,$8.83 ,$8.40 
11/17/2016,$8.46 ,124134000,$7.79 ,$8.77 ,$7.77 
11/16/2016,$7.67 ,78023390,$7.09 ,$7.75 ,$7.07 
11/15/2016,$6.97 ,28829650,$6.82 ,$7.08 ,$6.79 
11/14/2016,$6.79 ,29579310,$6.83 ,$6.84 ,$6.61 
11/11/2016,$6.69 ,39482720,$6.64 ,$6.69 ,$6.47 
11/10/2016,$6.30 ,71563110,$6.82 ,$6.91 ,$6.22 
11/9/2016,$6.94 ,38472230,$6.70 ,$7.05 ,$6.64 
11/8/2016,$7 ,37610130,$6.85 ,$7.18 ,$6.75 
11/7/2016,$6.96 ,36971240,$6.79 ,$6.99 ,$6.76 
11/4/2016,$6.56 ,32194920,$6.69 ,$6.72 ,$6.46 
11/3/2016,$6.70 ,33643860,$6.78 ,$6.79 ,$6.56 
11/2/2016,$6.76 ,33787100,$7.03 ,$7.06 ,$6.67 
11/1/2016,$7.09 ,39879990,$7.32 ,$7.43 ,$6.92 
10/31/2016,$7.23 ,42324890,$7.24 ,$7.46 ,$7.20 
10/28/2016,$7.20 ,77242520,$7.10 ,$7.53 ,$7.02 
10/27/2016,$7.11 ,37679300,$7.44 ,$7.46 ,$7.10 
10/26/2016,$7.29 ,47599440,$7.40 ,$7.48 ,$7.26 
10/25/2016,$7.50 ,78807250,$6.90 ,$7.50 ,$6.87 
10/24/2016,$7.01 ,52974070,$6.57 ,$7.01 ,$6.54 
10/21/2016,$6.52 ,64204350,$6.50 ,$6.65 ,$6.37 
10/20/2016,$6.96 ,63892740,$6.81 ,$6.98 ,$6.77 
10/19/2016,$6.77 ,29364320,$6.70 ,$6.80 ,$6.57 
10/18/2016,$6.73 ,25179670,$6.76 ,$6.89 ,$6.69 
10/17/2016,$6.67 ,24204010,$6.92 ,$6.97 ,$6.64 
10/14/2016,$6.75 ,66892790,$6.92 ,$7.12 ,$6.74 
10/13/2016,$6.49 ,30396980,$6.50 ,$6.54 ,$6.24 
10/12/2016,$6.62 ,33575940,$6.64 ,$6.77 ,$6.42 
10/11/2016,$6.50 ,32469660,$6.80 ,$6.84 ,$6.38 
10/10/2016,$6.84 ,13766940,$6.82 ,$6.94 ,$6.80 
10/7/2016,$6.75 ,33050370,$6.92 ,$6.96 ,$6.62 
10/6/2016,$6.96 ,27049420,$6.72 ,$6.98 ,$6.63 
10/5/2016,$6.78 ,31212740,$6.97 ,$7.01 ,$6.70 
10/4/2016,$6.97 ,25745810,$7 ,$7.09 ,$6.89 
10/3/2016,$6.95 ,30439500,$6.95 ,$7.15 ,$6.87 
9/30/2016,$6.91 ,47445680,$6.70 ,$7.04 ,$6.70 
9/29/2016,$6.67 ,30632580,$6.57 ,$6.73 ,$6.54 
9/28/2016,$6.59 ,27866950,$6.57 ,$6.65 ,$6.48 
9/27/2016,$6.54 ,30026660,$6.45 ,$6.58 ,$6.29 
9/26/2016,$6.32 ,29859870,$6.54 ,$6.54 ,$6.31 
9/23/2016,$6.55 ,60987860,$6.31 ,$6.65 ,$6.31 
9/22/2016,$6.37 ,35800090,$6.35 ,$6.44 ,$6.33 
9/21/2016,$6.29 ,33436400,$6.20 ,$6.32 ,$6.14 
9/20/2016,$6.17 ,28983770,$6.23 ,$6.28 ,$6.12 
9/19/2016,$6.16 ,37833450,$6.12 ,$6.28 ,$6.08 
9/16/2016,$6.05 ,47800180,$6.22 ,$6.22 ,$5.97 
9/15/2016,$6.02 ,52713100,$6.09 ,$6.20 ,$5.95 
9/14/2016,$6.04 ,64274840,$5.75 ,$6.08 ,$5.75 
9/13/2016,$5.74 ,50735660,$5.92 ,$5.95 ,$5.66 
9/12/2016,$5.94 ,77967340,$5.83 ,$6.07 ,$5.77 
9/9/2016,$5.90 ,170721100,$6.23 ,$6.24 ,$5.85 
9/8/2016,$6.23 ,90734570,$6.64 ,$6.65 ,$6.15 
9/7/2016,$6.84 ,57654100,$7.05 ,$7.07 ,$6.78 
9/6/2016,$7.34 ,24803060,$7.56 ,$7.60 ,$7.25 
9/2/2016,$7.51 ,18533130,$7.49 ,$7.64 ,$7.38 
9/1/2016,$7.35 ,22275730,$7.18 ,$7.44 ,$7.09 
8/31/2016,$7.40 ,18344870,$7.52 ,$7.52 ,$7.28 
8/30/2016,$7.49 ,16062950,$7.61 ,$7.64 ,$7.41 
8/29/2016,$7.59 ,16909330,$7.72 ,$7.79 ,$7.57 
8/26/2016,$7.67 ,31351740,$7.49 ,$7.80 ,$7.46 
8/25/2016,$7.47 ,16407060,$7.49 ,$7.49 ,$7.20 
8/24/2016,$7.43 ,22909510,$7.67 ,$7.67 ,$7.37 
8/23/2016,$7.67 ,27523800,$7.66 ,$7.74 ,$7.53 
8/22/2016,$7.58 ,41461470,$7.83 ,$7.95 ,$7.37 
8/19/2016,$7.62 ,75059970,$7.24 ,$8 ,$7.22 
8/18/2016,$7.04 ,30704860,$6.74 ,$7.07 ,$6.73 
8/17/2016,$6.68 ,13785060,$6.70 ,$6.75 ,$6.61 
8/16/2016,$6.78 ,26737720,$6.94 ,$6.94 ,$6.65 
8/15/2016,$6.95 ,28330880,$6.79 ,$6.97 ,$6.78 
8/12/2016,$6.73 ,25464680,$6.60 ,$6.79 ,$6.55 
8/11/2016,$6.58 ,13140610,$6.50 ,$6.59 ,$6.46 
8/10/2016,$6.49 ,29037190,$6.35 ,$6.58 ,$6.25 
8/9/2016,$6.60 ,16761580,$6.75 ,$6.78 ,$6.54 
8/8/2016,$6.68 ,21442770,$6.70 ,$6.85 ,$6.65 
8/5/2016,$6.61 ,20155210,$6.56 ,$6.76 ,$6.47 
8/4/2016,$6.47 ,22400200,$6.39 ,$6.61 ,$6.37 
8/3/2016,$6.30 ,23789750,$6.18 ,$6.45 ,$6.15 
8/2/2016,$6.26 ,40797280,$6.56 ,$6.60 ,$6.15 
8/1/2016,$6.64 ,26702130,$6.89 ,$6.92 ,$6.57 
7/29/2016,$6.86 ,22576780,$6.88 ,$6.96 ,$6.75 
7/28/2016,$6.82 ,27498120,$6.79 ,$6.98 ,$6.74 
7/27/2016,$6.85 ,38538500,$6.93 ,$6.98 ,$6.68 
7/26/2016,$6.98 ,81172410,$6.76 ,$7.16 ,$6.71 
7/25/2016,$6.70 ,118273300,$5.93 ,$6.95 ,$5.92 
7/22/2016,$5.84 ,101819500,$5.73 ,$5.97 ,$5.45 
7/21/2016,$5.22 ,39520180,$5.43 ,$5.45 ,$5.10 
7/20/2016,$5.41 ,20097130,$5.48 ,$5.50 ,$5.40 
7/19/2016,$5.41 ,23418010,$5.50 ,$5.55 ,$5.34 
7/18/2016,$5.51 ,38589410,$5.19 ,$5.57 ,$5.13 
7/15/2016,$5.14 ,14169150,$5.20 ,$5.20 ,$5.10 
7/14/2016,$5.17 ,20038890,$5.15 ,$5.24 ,$5.06 
7/13/2016,$5.09 ,13987340,$5.14 ,$5.19 ,$5.04 
7/12/2016,$5.14 ,20823380,$5.01 ,$5.17 ,$5.01 
7/11/2016,$5.01 ,21009260,$5.13 ,$5.19 ,$5 
7/8/2016,$5.10 ,28117990,$4.84 ,$5.15 ,$4.82 
7/7/2016,$5.02 ,15772980,$5.07 ,$5.10 ,$4.94 
7/6/2016,$5.04 ,19388990,$4.91 ,$5.11 ,$4.90 
7/5/2016,$4.96 ,16327740,$5.03 ,$5.05 ,$4.88 
7/1/2016,$5.07 ,18200080,$5.09 ,$5.14 ,$5 
6/30/2016,$5.14 ,26091260,$5.13 ,$5.19 ,$4.95 
6/29/2016,$5.13 ,33081670,$5.31 ,$5.40 ,$5.10 
6/28/2016,$5.12 ,29160390,$4.95 ,$5.19 ,$4.91 
6/27/2016,$4.72 ,31105750,$4.88 ,$5.05 ,$4.65 
6/24/2016,$4.88 ,36694080,$4.82 ,$5.07 ,$4.76 
6/23/2016,$5.21 ,29082970,$5.17 ,$5.26 ,$5.05 
6/22/2016,$5.02 ,47909030,$5.46 ,$5.52 ,$4.96 
6/21/2016,$5.45 ,35828650,$5.10 ,$5.50 ,$5.09 
6/20/2016,$5.10 ,43523000,$5.39 ,$5.45 ,$5.09 
6/17/2016,$5.26 ,64877400,$4.75 ,$5.27 ,$4.68 
6/16/2016,$4.75 ,34162050,$4.50 ,$4.75 ,$4.46 
6/15/2016,$4.42 ,11574240,$4.44 ,$4.48 ,$4.30 
6/14/2016,$4.39 ,16748840,$4.40 ,$4.51 ,$4.33 
6/13/2016,$4.40 ,13535210,$4.32 ,$4.48 ,$4.32 
6/10/2016,$4.32 ,15091610,$4.40 ,$4.47 ,$4.30 
6/9/2016,$4.52 ,16218510,$4.41 ,$4.54 ,$4.32 
6/8/2016,$4.46 ,16064990,$4.54 ,$4.56 ,$4.38 
6/7/2016,$4.51 ,20598900,$4.56 ,$4.67 ,$4.47 
6/6/2016,$4.47 ,21301450,$4.20 ,$4.51 ,$4.17 
6/3/2016,$4.16 ,17554780,$4.16 ,$4.20 ,$4.08 
6/2/2016,$4.24 ,35324690,$4.37 ,$4.40 ,$4.07 
6/1/2016,$4.43 ,29675440,$4.60 ,$4.64 ,$4.38 
5/31/2016,$4.57 ,25316020,$4.67 ,$4.71 ,$4.50 
5/27/2016,$4.60 ,34394040,$4.39 ,$4.63 ,$4.37 
5/26/2016,$4.35 ,22614570,$4.19 ,$4.38 ,$4.17 
5/25/2016,$4.18 ,24718920,$4.24 ,$4.35 ,$4.15 
5/24/2016,$4.20 ,34265660,$4.09 ,$4.21 ,$3.92 
5/23/2016,$4.04 ,35454680,$3.90 ,$4.20 ,$3.88 
5/20/2016,$3.87 ,13774400,$3.83 ,$3.90 ,$3.81 
5/19/2016,$3.77 ,17624020,$3.83 ,$3.85 ,$3.69 
5/18/2016,$3.84 ,19504420,$3.79 ,$3.97 ,$3.77 
5/17/2016,$3.79 ,20065840,$3.80 ,$3.98 ,$3.69 
5/16/2016,$3.79 ,14703790,$3.67 ,$3.85 ,$3.65 
5/13/2016,$3.67 ,16468240,$3.56 ,$3.73 ,$3.55 
5/12/2016,$3.59 ,9236210,$3.65 ,$3.68 ,$3.55 
5/11/2016,$3.65 ,7537126,$3.61 ,$3.68 ,$3.60 
5/10/2016,$3.64 ,9413073,$3.66 ,$3.68 ,$3.56 
5/9/2016,$3.65 ,16299370,$3.66 ,$3.68 ,$3.45 
5/6/2016,$3.68 ,11838240,$3.65 ,$3.75 ,$3.64 
5/5/2016,$3.66 ,21529470,$3.64 ,$3.80 ,$3.61 
5/4/2016,$3.60 ,8687477,$3.54 ,$3.67 ,$3.54 
5/3/2016,$3.60 ,13781440,$3.70 ,$3.71 ,$3.58 
5/2/2016,$3.74 ,16966920,$3.58 ,$3.75 ,$3.57 
4/29/2016,$3.55 ,17712050,$3.69 ,$3.69 ,$3.45 
4/28/2016,$3.61 ,20173350,$3.69 ,$3.80 ,$3.60 
4/27/2016,$3.73 ,24123980,$3.55 ,$3.75 ,$3.53 
4/26/2016,$3.66 ,36265690,$3.45 ,$3.75 ,$3.44 
4/25/2016,$3.45 ,80580780,$3.81 ,$3.82 ,$3.31 
4/22/2016,$3.99 ,143087900,$3.19 ,$3.99 ,$3.18 
4/21/2016,$2.62 ,13457330,$2.65 ,$2.70 ,$2.60 
4/20/2016,$2.70 ,7914238,$2.62 ,$2.72 ,$2.61 
4/19/2016,$2.62 ,11701290,$2.78 ,$2.78 ,$2.61 
4/18/2016,$2.76 ,8935556,$2.67 ,$2.80 ,$2.65 
4/15/2016,$2.70 ,7485518,$2.72 ,$2.75 ,$2.68 
4/14/2016,$2.72 ,8979330,$2.77 ,$2.79 ,$2.70 
4/13/2016,$2.80 ,8047970,$2.78 ,$2.82 ,$2.73 
4/12/2016,$2.81 ,16117070,$2.79 ,$2.85 ,$2.76 
4/11/2016,$2.76 ,9031849,$2.76 ,$2.82 ,$2.74 
4/8/2016,$2.74 ,8483296,$2.70 ,$2.76 ,$2.68 
4/7/2016,$2.64 ,13403710,$2.76 ,$2.83 ,$2.61 
4/6/2016,$2.80 ,12532990,$2.75 ,$2.80 ,$2.72 
4/5/2016,$2.76 ,9638433,$2.76 ,$2.84 ,$2.72 
4/4/2016,$2.83 ,5591035,$2.83 ,$2.87 ,$2.80 
4/1/2016,$2.83 ,8257526,$2.79 ,$2.88 ,$2.76 
3/31/2016,$2.85 ,9068395,$2.84 ,$2.88 ,$2.80 
3/30/2016,$2.86 ,14945710,$2.88 ,$2.98 ,$2.85 
3/29/2016,$2.86 ,13611540,$2.74 ,$2.88 ,$2.70 
3/28/2016,$2.78 ,7683731,$2.81 ,$2.84 ,$2.73 
3/24/2016,$2.79 ,10035960,$2.69 ,$2.81 ,$2.62 
3/23/2016,$2.68 ,10161830,$2.80 ,$2.83 ,$2.68 
3/22/2016,$2.79 ,10315300,$2.73 ,$2.85 ,$2.71 
3/21/2016,$2.80 ,13448710,$2.90 ,$2.90 ,$2.75 
3/18/2016,$2.93 ,26303210,$2.80 ,$2.93 ,$2.77 
3/17/2016,$2.80 ,28999640,$2.77 ,$2.81 ,$2.70 
3/16/2016,$2.63 ,12850070,$2.50 ,$2.64 ,$2.49 
3/15/2016,$2.49 ,21564540,$2.67 ,$2.69 ,$2.45 
3/14/2016,$2.72 ,33838770,$2.53 ,$2.75 ,$2.50 
3/11/2016,$2.52 ,21362570,$2.29 ,$2.54 ,$2.29 
3/10/2016,$2.26 ,9622544,$2.29 ,$2.31 ,$2.15 
3/9/2016,$2.26 ,13076610,$2.32 ,$2.35 ,$2.20 
3/8/2016,$2.30 ,10018100,$2.44 ,$2.46 ,$2.30 
3/7/2016,$2.47 ,8794854,$2.36 ,$2.47 ,$2.36 
3/4/2016,$2.37 ,15431290,$2.42 ,$2.50 ,$2.34 
3/3/2016,$2.46 ,22082140,$2.32 ,$2.55 ,$2.30 
3/2/2016,$2.32 ,10843670,$2.20 ,$2.33 ,$2.18 
3/1/2016,$2.18 ,9009785,$2.16 ,$2.20 ,$2.12 
2/29/2016,$2.14 ,11400320,$2.06 ,$2.15 ,$2.05 
2/26/2016,$2.07 ,7911456,$2.04 ,$2.10 ,$2.03 
2/25/2016,$2.03 ,5614299,$2.02 ,$2.04 ,$1.98 
2/24/2016,$2.02 ,6906231,$1.98 ,$2.04 ,$1.93 
2/23/2016,$1.97 ,6709579,$2.04 ,$2.06 ,$1.97 
2/22/2016,$2.01 ,9893691,$1.94 ,$2.04 ,$1.93 
2/19/2016,$1.91 ,7784114,$1.93 ,$1.93 ,$1.83 
2/18/2016,$1.91 ,10804010,$1.93 ,$1.98 ,$1.90 
2/17/2016,$1.90 ,13765170,$1.85 ,$1.94 ,$1.85 
2/16/2016,$1.83 ,11851210,$1.86 ,$1.90 ,$1.82 
2/12/2016,$1.83 ,9936910,$1.89 ,$1.91 ,$1.82 
2/11/2016,$1.86 ,7858282,$1.82 ,$1.94 ,$1.81 
2/10/2016,$1.84 ,9466004,$1.92 ,$1.98 ,$1.83 
2/9/2016,$1.90 ,14991010,$1.89 ,$2.00 ,$1.85 
2/8/2016,$1.93 ,11581740,$1.97 ,$1.98 ,$1.87 
2/5/2016,$1.98 ,7912421,$2.06 ,$2.08 ,$1.98 
2/4/2016,$2.09 ,8284518,$2.06 ,$2.17 ,$2.03 
2/3/2016,$2.07 ,9978131,$2.04 ,$2.08 ,$1.95 
2/2/2016,$1.99 ,11214710,$2.11 ,$2.14 ,$1.96 
2/1/2016,$2.14 ,8816117,$2.17 ,$2.19 ,$2.11 
1/29/2016,$2.20 ,11998040,$2.09 ,$2.20 ,$2.07 
1/28/2016,$2.08 ,7112022,$2.16 ,$2.17 ,$2.07 
1/27/2016,$2.13 ,10829200,$2.08 ,$2.18 ,$2.07 
1/26/2016,$2.07 ,11095350,$2.14 ,$2.15 ,$2.03 
1/25/2016,$2.12 ,13062930,$2.01 ,$2.15 ,$2.01 
1/22/2016,$2.02 ,16245520,$2.11 ,$2.17 ,$1.98 
1/21/2016,$2.09 ,26382930,$1.82 ,$2.18 ,$1.81 
1/20/2016,$1.80 ,29229490,$1.81 ,$1.95 ,$1.75 
1/19/2016,$1.95 ,18935550,$2.08 ,$2.11 ,$1.90 
1/15/2016,$2.03 ,21190630,$2.10 ,$2.13 ,$1.99 
1/14/2016,$2.21 ,15568560,$2.29 ,$2.35 ,$2.21 
1/13/2016,$2.25 ,12749290,$2.40 ,$2.45 ,$2.21 
1/12/2016,$2.39 ,17979540,$2.40 ,$2.46 ,$2.28 
1/11/2016,$2.34 ,19629310,$2.16 ,$2.36 ,$2.12 
1/8/2016,$2.14 ,31821770,$2.36 ,$2.43 ,$2.10 
1/7/2016,$2.28 ,22177700,$2.43 ,$2.48 ,$2.26 
1/6/2016,$2.51 ,23750860,$2.66 ,$2.71 ,$2.47 
1/5/2016,$2.75 ,12972230,$2.77 ,$2.80 ,$2.64 
1/4/2016,$2.77 ,32356640,$2.77 ,$2.82 ,$2.63 
12/31/2015,$2.87 ,11068230,$2.97 ,$3.01 ,$2.87 
12/30/2015,$2.98 ,10046410,$2.99 ,$3.04 ,$2.93 
12/29/2015,$3 ,15292210,$3.04 ,$3.06 ,$2.97 
12/28/2015,$3 ,16048590,$2.91 ,$3.02 ,$2.86 
12/24/2015,$2.92 ,11900890,$2.88 ,$3 ,$2.86 
12/23/2015,$2.83 ,30365170,$2.76 ,$2.94 ,$2.75 
12/22/2015,$2.77 ,24888570,$2.55 ,$2.78 ,$2.54 
12/21/2015,$2.53 ,6871914,$2.47 ,$2.53 ,$2.43 
12/18/2015,$2.45 ,17704860,$2.51 ,$2.55 ,$2.42 
12/17/2015,$2.56 ,11374070,$2.52 ,$2.60 ,$2.52 
12/16/2015,$2.54 ,19507030,$2.39 ,$2.55 ,$2.37 
12/15/2015,$2.36 ,7319550,$2.35 ,$2.43 ,$2.32 
12/14/2015,$2.34 ,7686052,$2.36 ,$2.39 ,$2.30 
12/11/2015,$2.36 ,11883770,$2.41 ,$2.47 ,$2.36 
12/10/2015,$2.45 ,13067020,$2.36 ,$2.50 ,$2.33 
12/9/2015,$2.35 ,8694560,$2.37 ,$2.40 ,$2.32 
12/8/2015,$2.39 ,9055612,$2.34 ,$2.40 ,$2.25 
12/7/2015,$2.36 ,8473616,$2.26 ,$2.36 ,$2.21 
12/4/2015,$2.28 ,4573578,$2.23 ,$2.29 ,$2.21 
12/3/2015,$2.23 ,7054734,$2.25 ,$2.31 ,$2.20 
12/2/2015,$2.27 ,7501680,$2.31 ,$2.34 ,$2.23 
12/1/2015,$2.34 ,5646342,$2.36 ,$2.37 ,$2.31 
11/30/2015,$2.36 ,9915362,$2.34 ,$2.37 ,$2.25 
11/27/2015,$2.33 ,2606577,$2.37 ,$2.38 ,$2.32 
11/25/2015,$2.38 ,6915033,$2.36 ,$2.40 ,$2.31 
11/24/2015,$2.34 ,15858610,$2.20 ,$2.40 ,$2.17 
11/23/2015,$2.22 ,4862634,$2.22 ,$2.24 ,$2.18 
11/20/2015,$2.22 ,10488010,$2.14 ,$2.25 ,$2.13 
11/19/2015,$2.14 ,4704259,$2.10 ,$2.16 ,$2.09 
11/18/2015,$2.12 ,8802107,$1.99 ,$2.15 ,$1.98 
11/17/2015,$1.98 ,5824909,$2.01 ,$2.04 ,$1.97 
11/16/2015,$1.99 ,4027291,$1.99 ,$2.02 ,$1.95 
11/13/2015,$1.99 ,5919891,$1.99 ,$2.04 ,$1.94 
11/12/2015,$2 ,3576405,$2.05 ,$2.07 ,$2 
11/11/2015,$2.07 ,3530645,$2.02 ,$2.09 ,$2.02 
11/10/2015,$2.02 ,6160923,$2.09 ,$2.10 ,$2.02 
11/9/2015,$2.11 ,6231234,$2.15 ,$2.18 ,$2.10 
11/6/2015,$2.15 ,8996145,$2.19 ,$2.21 ,$2.13 
11/5/2015,$2.20 ,4302179,$2.21 ,$2.24 ,$2.17 
11/4/2015,$2.20 ,8205318,$2.27 ,$2.30 ,$2.18 
11/3/2015,$2.28 ,8704415,$2.16 ,$2.29 ,$2.16 
11/2/2015,$2.19 ,5851132,$2.13 ,$2.19 ,$2.11 
10/30/2015,$2.12 ,4897116,$2.14 ,$2.15 ,$2.12 
10/29/2015,$2.13 ,4496887,$2.15 ,$2.18 ,$2.11 
10/28/2015,$2.18 ,6950462,$2.14 ,$2.20 ,$2.12 
10/27/2015,$2.15 ,5740686,$2.12 ,$2.16 ,$2.10 
10/26/2015,$2.15 ,6313499,$2.21 ,$2.21 ,$2.12 
10/23/2015,$2.21 ,9554983,$2.10 ,$2.21 ,$2.10 
10/22/2015,$2.14 ,8207419,$2.10 ,$2.16 ,$2.09 
10/21/2015,$2.10 ,14961000,$2.02 ,$2.12 ,$2.01 
10/20/2015,$2.02 ,5574769,$2 ,$2.03 ,$1.97 
10/19/2015,$2.01 ,10670660,$1.91 ,$2.01 ,$1.91 
10/16/2015,$1.94 ,21271000,$2 ,$2 ,$1.89 
10/15/2015,$1.97 ,27268150,$1.97 ,$2.06 ,$1.95 
10/14/2015,$1.95 ,10182280,$1.92 ,$1.96 ,$1.92 
10/13/2015,$1.92 ,6687943,$1.87 ,$1.94 ,$1.86 
10/12/2015,$1.87 ,7687701,$1.96 ,$1.96 ,$1.85 
10/9/2015,$1.96 ,8625861,$1.92 ,$1.96 ,$1.89 
10/8/2015,$1.93 ,9197867,$1.87 ,$1.95 ,$1.85 
10/7/2015,$1.86 ,7858632,$1.82 ,$1.87 ,$1.82 
10/6/2015,$1.83 ,8663497,$1.80 ,$1.86 ,$1.80 
10/5/2015,$1.80 ,7595260,$1.82 ,$1.87 ,$1.77 
10/2/2015,$1.83 ,7138787,$1.76 ,$1.83 ,$1.72 
10/1/2015,$1.74 ,5514019,$1.77 ,$1.77 ,$1.72 
9/30/2015,$1.72 ,5737704,$1.70 ,$1.72 ,$1.68 
9/29/2015,$1.67 ,7004223,$1.67 ,$1.69 ,$1.65 
9/28/2015,$1.66 ,5485651,$1.69 ,$1.70 ,$1.66 
9/25/2015,$1.71 ,5599242,$1.75 ,$1.75 ,$1.68 
9/24/2015,$1.72 ,11244590,$1.68 ,$1.73 ,$1.66 
9/23/2015,$1.70 ,9641689,$1.76 ,$1.78 ,$1.69 
9/22/2015,$1.73 ,9967075,$1.80 ,$1.84 ,$1.72 
9/21/2015,$1.81 ,5374258,$1.87 ,$1.90 ,$1.81 
9/18/2015,$1.87 ,11798440,$1.87 ,$1.92 ,$1.85 
9/17/2015,$1.89 ,5824857,$1.90 ,$1.94 ,$1.87 
9/16/2015,$1.89 ,4926411,$1.87 ,$1.90 ,$1.85 
9/15/2015,$1.86 ,6520445,$1.84 ,$1.87 ,$1.81 
9/14/2015,$1.82 ,16452210,$2 ,$2 ,$1.81 
9/11/2015,$2.01 ,30736690,$1.88 ,$2.14 ,$1.81 
9/10/2015,$1.84 ,4290325,$1.84 ,$1.88 ,$1.83 
9/9/2015,$1.85 ,12606140,$1.90 ,$1.97 ,$1.83 
9/8/2015,$1.88 ,6009499,$1.85 ,$1.88 ,$1.83 
9/4/2015,$1.82 ,6723794,$1.76 ,$1.84 ,$1.76 
9/3/2015,$1.79 ,7154181,$1.76 ,$1.85 ,$1.76 
9/2/2015,$1.77 ,6302617,$1.75 ,$1.77 ,$1.72 
9/1/2015,$1.71 ,8446010,$1.77 ,$1.82 ,$1.71 
8/31/2015,$1.81 ,6513566,$1.82 ,$1.87 ,$1.79 
8/28/2015,$1.85 ,10921540,$1.75 ,$1.87 ,$1.75 
8/27/2015,$1.78 ,11834720,$1.74 ,$1.84 ,$1.74 
8/26/2015,$1.72 ,10708420,$1.69 ,$1.73 ,$1.66 
8/25/2015,$1.66 ,12073250,$1.82 ,$1.82 ,$1.66 
8/24/2015,$1.75 ,17217370,$1.69 ,$1.83 ,$1.65 
8/21/2015,$1.78 ,12518960,$1.68 ,$1.80 ,$1.68 
8/20/2015,$1.70 ,13745160,$1.79 ,$1.80 ,$1.70 
8/19/2015,$1.80 ,7441178,$1.80 ,$1.81 ,$1.76 
8/18/2015,$1.80 ,9751510,$1.79 ,$1.82 ,$1.75 
8/17/2015,$1.80 ,9048949,$1.82 ,$1.88 ,$1.80 
8/14/2015,$1.84 ,6182510,$1.80 ,$1.85 ,$1.79 
8/13/2015,$1.79 ,7838435,$1.90 ,$1.91 ,$1.79 
8/12/2015,$1.90 ,8524768,$1.88 ,$1.93 ,$1.84 
8/11/2015,$1.90 ,7470926,$1.91 ,$1.93 ,$1.88 
8/10/2015,$1.93 ,29750000,$1.92 ,$1.98 ,$1.82 
8/7/2015,$2.09 ,7666911,$2.10 ,$2.14 ,$2.06 
8/6/2015,$2.11 ,9475520,$2.15 ,$2.17 ,$2.10 
8/5/2015,$2.16 ,13235970,$2.11 ,$2.21 ,$2.10 
8/4/2015,$2.13 ,14281870,$2.18 ,$2.18 ,$2.05 
8/3/2015,$2.20 ,25929210,$1.93 ,$2.20 ,$1.90 
7/31/2015,$1.93 ,7732694,$1.94 ,$1.99 ,$1.92 
7/30/2015,$1.93 ,15837440,$1.94 ,$1.99 ,$1.88 
7/29/2015,$1.96 ,25426480,$1.77 ,$1.99 ,$1.76 
7/28/2015,$1.77 ,14587100,$1.62 ,$1.77 ,$1.62 
7/27/2015,$1.62 ,11907530,$1.67 ,$1.70 ,$1.61 
7/24/2015,$1.67 ,16042430,$1.76 ,$1.77 ,$1.65 
7/23/2015,$1.76 ,10612790,$1.80 ,$1.81 ,$1.75 
7/22/2015,$1.79 ,15993970,$1.80 ,$1.81 ,$1.76 
7/21/2015,$1.80 ,14982920,$1.82 ,$1.83 ,$1.78 
7/20/2015,$1.80 ,12126610,$1.82 ,$1.84 ,$1.77 
7/17/2015,$1.79 ,28115700,$1.87 ,$1.90 ,$1.74 
7/16/2015,$1.87 ,20489440,$1.97 ,$2 ,$1.87 
7/15/2015,$1.96 ,13509620,$2.07 ,$2.09 ,$1.95 
7/14/2015,$2.05 ,15809520,$2.03 ,$2.06 ,$1.97 
7/13/2015,$1.96 ,9049715,$1.97 ,$1.99 ,$1.95 
7/10/2015,$1.96 ,17493980,$2 ,$2.03 ,$1.95 
7/9/2015,$1.98 ,23364680,$2.04 ,$2.06 ,$1.93 
7/8/2015,$2.01 ,15111470,$2.07 ,$2.07 ,$2.01 
7/7/2015,$2.09 ,46356660,$2.04 ,$2.14 ,$2.02 
7/6/2015,$2.47 ,19882970,$2.46 ,$2.54 ,$2.44 
7/2/2015,$2.53 ,31176340,$2.43 ,$2.63 ,$2.39 
7/1/2015,$2.42 ,19358450,$2.47 ,$2.48 ,$2.36 
6/30/2015,$2.40 ,19368380,$2.43 ,$2.43 ,$2.35 
6/29/2015,$2.34 ,22845720,$2.41 ,$2.42 ,$2.31 
6/26/2015,$2.47 ,97045670,$2.54 ,$2.55 ,$2.37 
6/25/2015,$2.58 ,18345790,$2.62 ,$2.66 ,$2.57 
